directory,template,vsfiles,is_same,ASGard_completeness,generalization_completeness,ASGard_completeness_v2,generalization_completeness_v2,ASGard_abstraction,generalization_abstraction,ASGard_variable_ratio,generalization_variable_ratio
java.io.BufferedReader,Template1,BufferedReader18vs24,False,0.7828878018533191,0.9594233352854042,0.7750129181163664,0.9594233352854042,0.01818181818181818,0.0,0.014285714285714285,0.0
java.io.BufferedReader,Template2,BufferedReader19vs22,False,0.23910756393977867,0.2722058878962645,0.22823890836443134,0.3366391496098609,0.5531914893617021,0.4634146341463415,0.3353341985723556,0.24505191434133677
java.io.BufferedReader,Template3,BufferedReader17vs23,False,0.8721312787032147,0.9620317475557263,0.867665178499992,0.961587697822156,0.012987012987012988,0.010869565217391304,0.010869565217391304,0.010869565217391304
java.io.BufferedReader,Template4,BufferedReader20vs27,False,0.8174121144450213,0.9421000789423153,0.8120923980684025,0.9427739333897546,0.01694915254237288,0.013888888888888888,0.013888888888888888,0.013888888888888888
java.io.File,Template10,File22vs11,True,0.8552727272727273,0.9985454545454545,0.8552727272727273,0.9985454545454545,0.0,0.0,0.0,0.0
java.io.File,Template11,File63vs62,False,0.6162870945479642,0.9113181504485852,0.6043478260869566,0.9113181504485852,0.14285714285714285,0.0,0.13043478260869565,0.0
java.io.File,Template12,File23vs12,True,0.8946135831381733,0.9976580796252927,0.8946135831381733,0.9976580796252927,0.0,0.0,0.0,0.0
java.io.File,Template13,File58vs61,False,0.46649484536082475,0.6923076923076923,0.518850114416476,0.7488558352402747,0.35714285714285715,0.23529411764705882,0.29411764705882354,0.23529411764705882
java.io.File,Template14,File39vs41,False,0.710978396166897,0.9362313482995026,0.710978396166897,0.9606245843777175,0.0,0.038461538461538464,0.0,0.03774928774928775
java.io.File,Template15,File48vs49,True,0.8277027027027027,0.9966216216216216,0.8277027027027027,0.9966216216216216,0.0,0.0,0.0,0.0
java.io.File,Template16,File72vs65,False,0.5026724975704567,0.7255826626425218,0.5613515275325421,0.8158953722334004,0.12658227848101267,0.06666666666666667,0.08083441981747067,0.05658409387222947
java.io.File,Template17,File40vs44,True,0.8396624472573839,0.9957805907172996,0.8396624472573839,0.9957805907172996,0.0,0.0,0.0,0.0
java.io.File,Template18,File10vs21,True,0.8161616161616162,0.9986531986531987,0.8161616161616162,0.9986531986531987,0.0,0.0,0.0,0.0
java.io.File,Template1,File8vs7,False,0.5709278688174417,0.7444263989369555,0.6446160546770303,0.8214676583579023,0.21153846153846154,0.07017543859649122,0.1765536723163842,0.06420133538777606
java.io.File,Template2,File19vs30,True,0.8199708454810496,0.9985422740524781,0.8199708454810496,0.9985422740524781,0.0,0.0,0.0,0.0
java.io.File,Template3,File15vs14,True,0.8380462724935733,0.9974293059125964,0.8380462724935733,0.9974293059125964,0.0,0.0,0.0,0.0
java.io.File,Template4,File57vs60,False,0.5261682950844505,0.790786184957964,0.5777289038083111,0.8262144538333912,0.25,0.13333333333333333,0.2,0.13333333333333333
java.io.File,Template5,File7vs6,False,0.6306309920173292,0.7646110590440487,0.6739588447062674,0.8468438062510227,0.1568627450980392,0.0847457627118644,0.12576762466224514,0.07860476541390321
java.io.File,Template6,File17vs28,True,0.8334749362786746,0.9983007646559049,0.8334749362786746,0.9983007646559049,0.0,0.0,0.0,0.0
java.io.File,Template7,File29vs18,True,0.7536231884057971,0.9951690821256038,0.7536231884057971,0.9951690821256038,0.0,0.0,0.0,0.0
java.io.File,Template8,File9vs20,True,0.8091259431976424,0.9977192081534838,0.8091259431976424,0.9977192081534838,0.0,0.0,0.0,0.0
java.io.File,Template9,File56vs59,False,0.4886257533316357,0.7662337662337662,0.532987012987013,0.8225108225108225,0.2857142857142857,0.125,0.25,0.125
java.io.InputStreamReader,Template1,InputStreamReader9vs7,False,0.2521336624933874,0.2969204200918951,0.21878504672897198,0.39169158878504673,0.6111111111111112,0.5294117647058824,0.38386727688787187,0.31407322654462244
java.io.InputStreamReader,Template2,InputStreamReader4vs3,False,0.28371537667441943,0.4390873846695292,0.24063363870082694,0.4838654807591761,0.2916666666666667,0.17543859649122806,0.08243881494203521,0.07851315708765258
java.io.InputStreamReader,Template4,InputStreamReader11vs12,False,0.2194878626645535,0.3043445054547501,0.1506543729986739,0.4419514344858816,0.6666666666666666,0.4,0.2854251012145749,0.2854251012145749
java.io.InputStream,Template1,InputStream3vs4,False,0.5609322066897706,0.7789217221284493,0.543066858767182,0.7994198045247459,0.15,0.04,0.09441489361702127,0.031471631205673756
java.io.InputStream,Template2,InputStream12vs11,False,0.1940944650942038,0.2050458886832801,0.10540318581050451,0.3080221204251303,0.5909090909090909,0.5,0.13591391268869848,0.2613729090167279
java.io.IOException,Template10,IOException30vs32,False,0.5975821515956747,0.7723880597014925,0.5899918440369386,0.8542055828882633,0.13793103448275862,0.09375,0.10960960960960961,0.0822072072072072
java.io.IOException,Template11,IOException15vs10,False,0.6194543587338309,0.7718061643359075,0.6522013887320384,0.8107625531563163,0.125,0.07339449541284404,0.07905384375972611,0.0632430750077809
java.io.IOException,Template12,IOException9vs6,True,0.8321479374110953,0.9992887624466572,0.8321479374110953,0.9992887624466572,0.0,0.0,0.0,0.0
java.io.IOException,Template1,IOException22vs21,False,0.35372371898544436,0.527048372167894,0.3880580397443459,0.6082888987855226,0.2903225806451613,0.23076923076923078,0.2764227642276423,0.1842818428184282
java.io.IOException,Template2,IOException19vs17,True,0.7472118959107807,0.9962825278810409,0.7472118959107807,0.9962825278810409,0.0,0.0,0.0,0.0
java.io.IOException,Template3,IOException41vs44,False,0.44582814445828145,0.7424242424242424,0.5125329622271573,0.8447613225859945,0.5,0.19672131147540983,0.400379057095475,0.18479033404406536
java.io.IOException,Template4,IOException18vs20,True,0.8293918918918919,0.9983108108108109,0.8293918918918919,0.9983108108108109,0.0,0.0,0.0,0.0
java.io.IOException,Template5,IOException36vs35,False,0.6235620363409411,0.7870719879639456,0.6634453420202031,0.8426196172853869,0.13333333333333333,0.0851063829787234,0.12182116488925349,0.08121410992616898
java.io.IOException,Template6,IOException8vs7,True,0.8192457737321196,0.9986996098829649,0.8192457737321196,0.9986996098829649,0.0,0.0,0.0,0.0
java.io.IOException,Template7,IOException31vs29,False,0.6472102354455296,0.853566958698373,0.667642790296107,0.9049986872264719,0.10714285714285714,0.07462686567164178,0.08333333333333333,0.06944444444444445
java.io.IOException,Template8,IOException27vs26,True,0.696652719665272,0.9707112970711297,0.696652719665272,0.9707112970711297,0.0,0.0,0.0,0.0
java.io.IOException,Template9,IOException4vs5,False,0.6351676844043811,0.7964476107395562,0.645521146328067,0.8246066362960809,0.14516129032258066,0.031746031746031744,0.1231527093596059,0.02736726874657909
java.io.OutputStreamWriter,Template1,OutputStreamWriter4vs3,False,0.7252530451192314,0.9876603423889188,0.732691223684533,0.9876603423889188,0.05263157894736842,0.0,0.047619047619047616,0.0
java.io.OutputStreamWriter,Template2,OutputStreamWriter2vs8,False,0.7190509748649283,0.889967637540453,0.7157510878441111,0.9164289629405908,0.07692307692307693,0.06666666666666667,0.06666666666666667,0.06666666666666667
java.io.PrintStream,Template2,PrintStream2vs4,False,0.4868431550651168,0.8672336520739142,0.49843549898325334,0.897034966265287,0.05970149253731343,0.022900763358778626,0.030687830687830688,0.023015873015873017
java.io.PrintWriter,Template1,PrintWriter12vs5,False,0.7316081071603899,0.8857615894039734,0.7282242794024827,0.9128445192509993,0.07692307692307693,0.06666666666666667,0.06666666666666667,0.06666666666666667
java.io.PrintWriter,Template2,PrintWriter6vs10,False,0.7442438513867086,0.9846546310832025,0.7519230769230769,0.9846546310832025,0.05263157894736842,0.0,0.047619047619047616,0.0
java.io.PrintWriter,Template3,PrintWriter1vs4,True,0.789399293286219,0.9936753338018272,0.789399293286219,0.9936753338018272,0.0,0.0,0.0,0.0
java.lang.Exception,Template1,Exception6vs7,False,0.48136981278138813,0.6243404567400738,0.47169922790148106,0.6238596777150773,0.2037037037037037,0.16326530612244897,0.14312602291325696,0.10409165302782325
java.lang.Exception,Template2,Exception4vs20,False,0.769392871662827,0.9612159329140462,0.771520531237295,0.9734336179247414,0.03125,0.023255813953488372,0.023255813953488372,0.023255813953488372
java.lang.Exception,Template3,Exception22vs19,False,0.5640809264298742,0.7721517642141192,0.5366059768298068,0.7729806768114653,0.14754098360655737,0.05555555555555555,0.10900335619436743,0.048445936086385526
java.lang.Exception,Template4,Exception2vs5,False,0.49761092932937834,0.6182961953909841,0.5415364512651897,0.6762463843415818,0.14285714285714285,0.17073170731707318,0.09858630952380952,0.13802083333333331
java.lang.Exception,Template5,Exception14vs13,False,0.7386363636363636,0.8998651184611776,0.7940371679398016,0.9323005738608292,0.09836065573770492,0.04477611940298507,0.08893280632411067,0.044466403162055336
java.lang.Exception,Template6,Exception25vs24,False,0.5486643932935493,0.9222488038277512,0.5486643932935493,0.9416204887752202,0.0,0.02127659574468085,0.0,0.022474747474747474
java.lang.Exception,Template7,Exception9vs10,False,0.622077922077922,0.8727272727272728,0.6012987012987012,0.8727272727272728,0.037037037037037035,0.0,0.023255813953488372,0.0
java.net.HttpURLConnection,Template10,HttpURLConnection17vs4,False,0.8551659221790096,0.9653666749337046,0.851043758976777,0.9649565026613502,0.010869565217391304,0.009708737864077669,0.009708737864077669,0.009708737864077669
java.net.HttpURLConnection,Template11,HttpURLConnection14vs13,False,0.8680128635173172,0.9630253458403266,0.8640015693427463,0.9630253458403266,0.012987012987012988,0.010869565217391304,0.010869565217391304,0.010869565217391304
java.net.HttpURLConnection,Template1,HttpURLConnection21vs19,False,0.6506413022684705,0.8319393973844161,0.655719446384639,0.8662866320861529,0.09259259259259259,0.0410958904109589,0.06563988159080184,0.039383928954481104
java.net.HttpURLConnection,Template2,HttpURLConnection23vs26,False,0.328921568627451,0.3715606681537584,0.3377639037213505,0.4521071223198883,0.4642857142857143,0.36666666666666664,0.3183408295852074,0.2693653173413293
java.net.HttpURLConnection,Template3,HttpURLConnection10vs9,False,0.7001609616237614,0.8319867785878361,0.6691716573407493,0.831547411276764,0.12,0.04395604395604396,0.09782608695652174,0.043478260869565216
java.net.HttpURLConnection,Template4,HttpURLConnection27vs28,False,0.688649177392924,0.8909859224744721,0.6955487536365803,0.9159958995979007,0.09615384615384616,0.05084745762711865,0.0847457627118644,0.05084745762711865
java.net.HttpURLConnection,Template5,HttpURLConnection1vs2,True,0.8163620539599652,0.999129677980853,0.8163620539599652,0.999129677980853,0.0,0.0,0.0,0.0
java.net.HttpURLConnection,Template6,HttpURLConnection22vs24,False,0.4795648893360161,0.6965654182777536,0.5181831706059825,0.7403486446125624,0.2553191489361702,0.08130081300813008,0.18207942985229036,0.07586642910512098
java.net.HttpURLConnection,Template7,HttpURLConnection6vs16,False,0.8684055412888467,0.9625687404018326,0.8643926311563681,0.9625687404018326,0.012987012987012988,0.010869565217391304,0.010869565217391304,0.010869565217391304
java.net.HttpURLConnection,Template8,HttpURLConnection12vs29,False,0.8114984698692114,0.9410022136186049,0.806199895933468,0.9416733545582023,0.01694915254237288,0.013888888888888888,0.013888888888888888,0.013888888888888888
java.net.HttpURLConnection,Template9,HttpURLConnection15vs5,False,0.8684055412888467,0.9625687404018326,0.8639497613600882,0.9621258706055528,0.012987012987012988,0.010869565217391304,0.010869565217391304,0.010869565217391304
java.net.URI,Template1,URI9vs10,True,0.7452043369474561,0.9986791896754978,0.7452043369474561,0.9986791896754978,0.0,0.0,0.0,0.0
java.net.URI,Template2,URI11vs15,False,0.7808594821169742,0.9278704900693384,0.7808594821169742,0.9278704900693384,0.0,0.02631578947368421,0.0,0.02631578947368421
java.net.URI,Template3,URI12vs16,False,0.5574943757030372,0.7490692479523455,0.598547726177085,0.8423824254111093,0.16494845360824742,0.11382113821138211,0.12672176308539945,0.11088154269972453
java.net.URI,Template4,URI3vs5,False,0.5353530826573447,0.7061994609164421,0.5489749373807994,0.7746580219802108,0.25925925925925924,0.16216216216216217,0.18433818433818433,0.158004158004158
java.net.URI,Template5,URI14vs2,False,0.2943674147963425,0.39756097560975606,0.40574159838498985,0.5513045617249394,0.5185185185185185,0.41935483870967744,0.39375,0.365625
java.net.URL,Template1,URL15vs14,False,0.7794782310200813,0.9500085067770657,0.7795163720273852,0.9411007494707935,0.05,0.045454545454545456,0.045454545454545456,0.045454545454545456
java.net.URL,Template2,URL13vs12,False,0.7495566634322616,0.9458962090541039,0.734228092481681,0.9458962090541039,0.08823529411764706,0.0,0.0715909090909091,0.0
java.net.URL,Template3,URL14vs17,False,0.5166463370883261,0.691131498470948,0.5694356456551579,0.7962662337662337,0.1875,0.11764705882352941,0.16193181818181818,0.10795454545454546
java.net.URL,Template4,URL14vs16,False,0.316381490534692,0.3399571104089738,0.3389332380158068,0.4094880654513682,0.3333333333333333,0.3333333333333333,0.2719941348973607,0.1942815249266862
java.sql.SQLException,Template1,SQLException2vs3,True,0.8336594911937378,0.9980430528375734,0.8336594911937378,0.9980430528375734,0.0,0.0,0.0,0.0
java.sql.SQLException,Template2,SQLException11vs12,False,0.6933382633201621,0.8899515057045745,0.7003064685842109,0.9151950288073111,0.09615384615384616,0.05084745762711865,0.0847457627118644,0.05084745762711865
java.sql.SQLException,Template3,SQLException5vs12,False,0.16690457255109875,0.5746988191654196,0.13921912491418398,0.6756697050646765,0.4166666666666667,0.16326530612244897,0.0847457627118644,0.13559322033898305
java.sql.Statement,Template1,Statement6vs9,True,0.7449920971047732,0.9832613390928726,0.7439092597543302,0.9832613390928726,0.0,0.0,0.0,0.0
java.sql.Statement,Template2,Statement12vs13,True,0.8349705304518664,0.9980353634577603,0.8349705304518664,0.9980353634577603,0.0,0.0,0.0,0.0
java.sql.Statement,Template3,Statement7vs1,True,0.7409287976846999,0.9873424752746001,0.7375532678547012,0.9873424752746001,0.0,0.0,0.0,0.0
java.sql.Statement,Template4,Statement2vs8,False,0.5108072567692377,0.8434174989067171,0.5002535511623827,0.8473033918011388,0.18181818181818182,0.024691358024691357,0.08589377498572244,0.02147344374643061
java.util.Arrays,Template1,Arrays1vs5,True,0.021269202139161947,0.9750829632217176,0.021269202139161947,0.9750829632217176,0.0,0.0,0.0,0.0
java.util.Arrays,Template2,Arrays22vs23,False,0.2630057803468208,0.3798076923076923,0.2795013323182337,0.5378759040730872,0.75,0.5,0.6675824175824177,0.5192307692307692
java.util.Arrays,Template3,Arrays15vs17,False,0.3408496732026144,0.47316159932259005,0.37052675855820877,0.5390053711253479,0.3888888888888889,0.3157894736842105,0.3111111111111111,0.26666666666666666
java.util.Arrays,Template4,Arrays28vs29,True,0.8647686832740213,0.998220640569395,0.8647686832740213,0.998220640569395,0.0,0.0,0.0,0.0
java.util.Arrays,Template5,Arrays24vs27,False,0.414975845410628,0.8119278252611586,0.47795248078266944,0.8278010715117634,0.3793103448275862,0.02631578947368421,0.2723429951690821,0.024758454106280192
java.util.Arrays,Template6,Arrays2vs3,False,0.5468874366385992,0.7141574152221429,0.6106970185334408,0.766921837228042,0.3125,0.1875,0.2579365079365079,0.15476190476190477
java.util.Arrays,Template7,Arrays6vs7,False,0.5468874366385992,0.7141574152221429,0.6106970185334408,0.766921837228042,0.3125,0.1875,0.2579365079365079,0.15476190476190477
java.util.Collections,Template10,Collections13vs11,False,0.32776792750197004,0.487012987012987,0.310332939322301,0.5500394011032309,0.375,0.2222222222222222,0.22142857142857142,0.14761904761904762
java.util.Collections,Template11,Collections34vs35,False,0.4536608408124705,0.575268817204301,0.5017477562588568,0.7251062824752008,0.25,0.3,0.17424242424242425,0.26136363636363635
java.util.Collections,Template1,Collections17vs18,True,0.8321995464852607,0.999244142101285,0.8420256991685563,0.999244142101285,0.0,0.0,0.0,0.0
java.util.Collections,Template2,Collections7vs36,False,0.31945656238314846,0.43107380713438553,0.35863996273870513,0.572038503337991,0.5555555555555556,0.45454545454545453,0.39682539682539686,0.39682539682539686
java.util.Collections,Template3,Collections4vs3,False,0.6743101858879194,0.7740104671330201,0.7042305143479114,0.8489674496662902,0.07692307692307693,0.047619047619047616,0.05823209049015501,0.043674067867616254
java.util.Collections,Template4,Collections20vs27,False,0.2732974657990855,0.24031365313653136,0.2873228923128926,0.36830652657671614,0.5769230769230769,0.5769230769230769,0.47031772575250835,0.47031772575250835
java.util.Collections,Template5,Collections16vs15,False,0.6854135264029257,0.8928191949393363,0.6783834540018285,0.8928191949393363,0.08695652173913043,0.04,0.08,0.04
java.util.Collections,Template6,Collections5vs37,False,0.25461176754280207,0.3353543008715422,0.3601648811516572,0.5170530632741881,0.5,0.5454545454545454,0.3559027777777778,0.4270833333333333
java.util.Collections,Template7,Collections26vs22,False,0.22545887593685476,0.2806451612903226,0.2641402071241607,0.40229885057471265,0.5277777777777778,0.4878048780487805,0.33045977011494254,0.34785238959467635
java.util.Collections,Template8,Collections32vs31,False,0.514969142401049,0.801244880580674,0.5878053513815104,0.8276326640200986,0.2028985507246377,0.04054054054054054,0.1652582159624413,0.035412474849094565
java.util.Collections,Template9,Collections29vs1,False,0.20687022900763358,0.18936170212765957,0.2023512412977801,0.3168337784783339,0.9230769230769231,0.7142857142857143,1.1423076923076922,0.6346153846153846
java.util.Collection,Template10,Collection20vs21,True,0.814569536423841,0.9966887417218543,0.814569536423841,0.9966887417218543,0.0,0.0,0.0,0.0
java.util.Collection,Template11,Collection29vs35,False,0.2166178269866924,0.268308406395049,0.23288407541115125,0.34836341756919376,0.5555555555555556,0.5652173913043478,0.5682951146560319,0.4925224327018943
java.util.Collection,Template1,Collection33vs22,False,0.26013189786370555,0.27356250136800403,0.2605791053517827,0.38050003660590087,0.6923076923076923,0.5625,0.5068681318681318,0.5068681318681318
java.util.Collection,Template2,Collection5vs3,False,0.6198495104333444,0.854147710159631,0.7019022557582867,0.871535384599126,0.17073170731707318,0.03296703296703297,0.1451751558134537,0.03110896196002579
java.util.Collection,Template3,Collection11vs2,True,0.7681500514235369,0.998595066850598,0.7681500514235369,0.998595066850598,0.0,0.0,0.0,0.0
java.util.Collection,Template4,Collection6vs15,True,0.826417582117287,0.9982469803792972,0.826417582117287,0.9982469803792972,0.0,0.0,0.0,0.0
java.util.Collection,Template5,Collection10vs19,True,0.7551515151515151,0.9903846153846154,0.7551515151515151,0.9903846153846154,0.0,0.0,0.0,0.0
java.util.Collection,Template6,Collection9vs18,True,0.8901735863977858,0.9986662712534599,0.8901735863977858,0.9986662712534599,0.0,0.0,0.0,0.0
java.util.Collection,Template8,Collection8vs17,True,0.8340083761507171,0.9982652269321344,0.8490459751659174,0.9982652269321344,0.0,0.0,0.0,0.0
java.util.Collection,Template9,Collection16vs7,True,0.8603023765080442,0.996985931654182,0.8603023765080442,0.996985931654182,0.0,0.0,0.0,0.0
java.util.Date,Template1,Date4vs3,False,0.2564102564102564,0.32887700534759357,0.2848816355810617,0.46894428503108565,0.6,0.5714285714285714,0.4182692307692308,0.5576923076923077
java.util.Date,Template2,Date12vs6,False,0.2389240506329114,0.2866323907455013,0.20321503984742184,0.3759961855459438,0.85,0.6153846153846154,0.6304945054945055,0.5934065934065934
java.util.HashMap,Template10,HashMap71vs69,True,0.7817589576547231,0.993485342019544,0.7817589576547231,0.993485342019544,0.0,0.0,0.0,0.0
java.util.HashMap,Template11,HashMap25vs50,True,0.8278965129358831,0.9977502812148481,0.8278965129358831,0.9977502812148481,0.0,0.0,0.0,0.0
java.util.HashMap,Template12,HashMap5vs1,False,0.28662981594722414,0.23974082073434128,0.3438207404471057,0.4043093646008283,0.72,0.5909090909090909,0.5750507099391481,0.41531440162271804
java.util.HashMap,Template13,HashMap29vs22,False,0.7403564277744662,0.8967851099830795,0.755357879774405,0.9267122136121173,0.08888888888888889,0.08333333333333333,0.08333333333333333,0.08333333333333333
java.util.HashMap,Template14,HashMap34vs36,False,0.803488880787459,0.9643014128728414,0.8308457892818082,0.9697314375987361,0.07272727272727272,0.015873015873015872,0.06350806451612903,0.015877016129032258
java.util.HashMap,Template15,HashMap40vs55,True,0.8208955223880597,0.9950248756218906,0.8208955223880597,0.9950248756218906,0.0,0.0,0.0,0.0
java.util.HashMap,Template16,HashMap20vs19,False,0.8004683840749415,0.9792026703275997,0.7982126033002235,0.9792026703275997,0.02857142857142857,0.0,0.024390243902439025,0.0
java.util.HashMap,Template17,HashMap5vs72,False,0.2553475935828877,0.255011135857461,0.2706748359370463,0.4477757128753122,0.72,0.6923076923076923,0.6317733990147784,0.6317733990147784
java.util.HashMap,Template18,HashMap8vs14,False,0.34371452061230084,0.3697727464729239,0.3628068070251991,0.4526562670448347,0.47619047619047616,0.47058823529411764,0.3888888888888889,0.3111111111111111
java.util.HashMap,Template1,HashMap65vs68,False,0.727786623959551,0.8732799443517965,0.7261268143621085,0.9012812134711496,0.0975609756097561,0.061224489795918366,0.07846153846153847,0.05884615384615385
java.util.HashMap,Template2,HashMap23vs26,False,0.7652278707941028,0.9274253243443302,0.7731338743795712,0.9449414020194757,0.05405405405405406,0.05,0.05,0.05
java.util.HashMap,Template5,HashMap21vs39,False,0.7723668816796307,0.9385796545105566,0.7992079301840258,0.9741589198760514,0.04878048780487805,0.045454545454545456,0.045454545454545456,0.045454545454545456
java.util.HashMap,Template6,HashMap8vs9,False,0.62091304787934,0.7829107197084726,0.587177345885211,0.8121495090596214,0.23333333333333334,0.1111111111111111,0.19444444444444445,0.1111111111111111
java.util.HashMap,Template7,HashMap54vs24,True,0.8477801268498943,0.9978858350951374,0.8477801268498943,0.9978858350951374,0.0,0.0,0.0,0.0
java.util.HashMap,Template8,HashMap67vs66,True,0.8475836431226766,0.9981412639405205,0.8475836431226766,0.9981412639405205,0.0,0.0,0.0,0.0
java.util.HashMap,Template9,HashMap35vs46,False,0.6963256134683807,0.8177514630941953,0.6816519269947063,0.8390810625149123,0.13333333333333333,0.125,0.125,0.125
java.util.HashSet,Template1,HashSet6vs2,True,0.7697368421052632,0.9990601503759399,0.7697368421052632,0.9990601503759399,0.0,0.0,0.0,0.0
java.util.HashSet,Template2,HashSet19vs18,True,0.4819277108433735,0.9936305732484076,0.6751592356687899,0.9936305732484076,0.0,0.0,0.0,0.0
java.util.HashSet,Template3,HashSet9vs5,True,0.7576126674786845,0.9903381642512077,0.7576126674786845,0.9903381642512077,0.0,0.0,0.0,0.0
java.util.HashSet,Template4,HashSet8vs4,True,0.8247422680412371,0.9974226804123711,0.8247422680412371,0.9974226804123711,0.0,0.0,0.0,0.0
java.util.HashSet,Template5,HashSet32vs30,False,0.6525469252278053,0.813782991202346,0.6661049869805288,0.9035785538601877,0.12244897959183673,0.1267605633802817,0.0902714932126697,0.13540723981900454
java.util.Iterator,Template1,Iterator23vs18,False,0.3953068592057762,0.471342383107089,0.47778346495076535,0.6313411978811219,0.4444444444444444,0.3953488372093023,0.35607160135462024,0.37832607643928395
java.util.Iterator,Template2,Iterator25vs24,False,0.792243601986249,0.9417562724014337,0.8033412228527774,0.973209170031649,0.046511627906976744,0.03636363636363636,0.0367003367003367,0.0367003367003367
java.util.Iterator,Template3,Iterator6vs4,True,0.5079545454545454,0.9715909090909091,0.5079545454545454,0.9715909090909091,0.0,0.0,0.0,0.0
java.util.Iterator,Template5,Iterator5vs27,False,0.23519340519974635,0.21060916359833548,0.21833555300895097,0.29661628519218264,0.7027027027027027,0.6129032258064516,0.5513513513513514,0.4029106029106029
java.util.Iterator,Template6,Iterator11vs8,False,0.3636553369111509,0.3596938775510204,0.43442928039702233,0.552253928866832,0.4782608695652174,0.46153846153846156,0.3919082125603865,0.427536231884058
java.util.Iterator,Template7,Iterator9vs8,False,0.456268221574344,0.6166666666666667,0.5709919639803944,0.7684728713097002,0.34782608695652173,0.2608695652173913,0.3167701863354037,0.23757763975155277
java.util.Map,Template10,Map13vs19,True,0.78,0.9983333333333333,0.78,0.9983333333333333,0.0,0.0,0.0,0.0
java.util.Map,Template11,Map64vs57,True,0.790983606557377,0.9959016393442623,0.790983606557377,0.9959016393442623,0.0,0.0,0.0,0.0
java.util.Map,Template12,Map30vs23,False,0.20105014602622256,0.21477414007459594,0.18051625125806642,0.24372742880824105,0.8387096774193549,0.5,0.6882352941176471,0.21176470588235294
java.util.Map,Template13,Map28vs27,False,0.6228670955561711,0.7814356511835503,0.5889022275576898,0.8108730671755882,0.23333333333333334,0.1111111111111111,0.19444444444444445,0.1111111111111111
java.util.Map,Template14,Map33vs78,False,0.25669199784062124,0.30078125,0.3312529124240291,0.48676891960222485,0.6,0.5483870967741935,0.4838709677419355,0.5483870967741935
java.util.Map,Template16,Map69vs70,False,0.4719626168224299,0.6567796610169492,0.5979230829977098,0.8211324330727316,0.35294117647058826,0.23809523809523808,0.2857142857142857,0.23809523809523808
java.util.Map,Template17,Map16vs10,True,0.860036832412523,0.9990791896869244,0.860036832412523,0.9990791896869244,0.0,0.0,0.0,0.0
java.util.Map,Template18,Map46vs47,False,0.8053928541544642,0.9640783726810754,0.8329219312191448,0.9695422977156722,0.07272727272727272,0.015873015873015872,0.06350806451612903,0.015877016129032258
java.util.Map,Template19,Map11vs17,True,0.8401162790697674,0.998546511627907,0.8401162790697674,0.998546511627907,0.0,0.0,0.0,0.0
java.util.Map,Template1,Map9vs15,True,0.6813314608398208,0.9840811244075576,0.6813314608398208,0.9840811244075576,0.0,0.0,0.0,0.0
java.util.Map,Template20,Map79vs59,False,0.19310790467804695,0.19026548672566373,0.19603345925526178,0.2951117675462266,0.7142857142857143,0.7142857142857143,0.39230769230769236,0.5884615384615384
java.util.Map,Template21,Map76vs22,False,0.2540106951871658,0.24719101123595505,0.26468921498449055,0.43835003579098064,0.72,0.6923076923076923,0.6317733990147784,0.6317733990147784
java.util.Map,Template2,Map60vs59,False,0.21457126844759944,0.2606611054806268,0.2048778272322645,0.3691449420171375,0.7647058823529411,0.5882352941176471,0.48413793103448277,0.3724137931034483
java.util.Map,Template3,Map43vs39,False,0.8009412384196409,0.984852972634974,0.798664933383796,0.984852972634974,0.02857142857142857,0.0,0.024390243902439025,0.0
java.util.Map,Template4,Map21vs24,False,0.6485364567556349,0.7726739604098095,0.6997484497484497,0.8475697532445998,0.07692307692307693,0.047619047619047616,0.05823209049015501,0.043674067867616254
java.util.Map,Template5,Map25vs22,True,0.7638378536016331,0.9665500145815107,0.7678915135608049,0.9665500145815107,0.0,0.0,0.0,0.0
java.util.Map,Template6,Map20vs14,True,0.8775100401606426,0.9979919678714859,0.8775100401606426,0.9979919678714859,0.0,0.0,0.0,0.0
java.util.Map,Template7,Map51vs56,False,0.7276306905339014,0.8723999698590912,0.7259598181642807,0.900586205501744,0.0975609756097561,0.061224489795918366,0.07846153846153847,0.05884615384615385
java.util.Map,Template8,Map18vs12,True,0.770096463022508,0.9983922829581994,0.770096463022508,0.9983922829581994,0.0,0.0,0.0,0.0
java.util.Map,Template9,Map55vs54,True,0.848314606741573,0.99812734082397,0.848314606741573,0.99812734082397,0.0,0.0,0.0,0.0
java.util.Properties,Template1,Properties4vs10,False,0.7648265170928026,0.9072005177737137,0.7502430360431681,0.9080342236939486,0.17424242424242425,0.03773584905660377,0.14375,0.0375
java.util.Properties,Template2,Properties31vs27,True,0.8247863247863247,0.9914529914529915,0.8247863247863247,0.9914529914529915,0.0,0.0,0.0,0.0
java.util.Properties,Template4,Properties7vs18,False,0.7698819676850552,0.9612970711297071,0.772005109935586,0.9734899600561373,0.03125,0.023255813953488372,0.023255813953488372,0.023255813953488372
java.util.Properties,Template5,Properties30vs16,False,0.19432888248691438,0.23379073756432245,0.2092591050641976,0.3240670119402488,0.5588235294117647,0.625,0.34961525593844095,0.3680160588825694
java.util.Properties,Template7,Properties29vs25,True,0.8545647558386412,0.9989384288747346,0.8545647558386412,0.9989384288747346,0.0,0.0,0.0,0.0
java.util.Properties,Template8,Properties26vs24,False,0.782510649211177,0.8680290041356673,0.818172492168678,0.9079529919479044,0.06593406593406594,0.06451612903225806,0.06311962987442168,0.06311962987442168
java.util.Set,Template1,Set23vs26,False,0.1937139863803038,0.2383436183759428,0.22903130847999326,0.34632771925397926,0.7142857142857143,0.5384615384615384,0.44466403162055335,0.31126482213438733
java.util.Set,Template3,Set3vs22,False,0.27801724137931033,0.337134009009009,0.31696366360089184,0.4569093157748049,0.6666666666666666,0.4782608695652174,0.6428571428571428,0.35357142857142854
javax.jms.JMSException,Template1,JMSException14vs13,True,0.7108501848227875,0.9801116184677829,0.7108501848227875,0.9801116184677829,0.0,0.0,0.0,0.0
javax.jms.JMSException,Template2,JMSException10vs7,False,0.5711752671061605,0.794273951150514,0.5426687883609911,0.793225733121164,0.12,0.030303030303030304,0.06897463002114165,0.02299154334038055
javax.jms.JMSException,Template3,JMSException15vs3,False,0.7321520010780218,0.9259927092005349,0.7608105376633877,0.9477210769850228,0.047619047619047616,0.0273972602739726,0.04035752979414951,0.02690501986276634
javax.jms.JMSException,Template4,JMSException2vs13,False,0.20789355490680445,0.7035699460356994,0.21198068717718388,0.7737317477043504,0.125,0.21052631578947367,0.05024509803921569,0.20098039215686275
javax.jms.MessageConsumer,Template10,MessageConsumer5vs41,False,0.682488377617157,0.8870807630153387,0.7006481387220469,0.9098213983695836,0.1,0.024390243902439025,0.07662162952564777,0.02298648885769433
javax.jms.MessageConsumer,Template11,MessageConsumer29vs3,False,0.8372015223014933,0.9979526834104921,0.843003805753733,0.9979526834104921,0.009345794392523364,0.0,0.007751937984496124,0.0
javax.jms.MessageConsumer,Template12,MessageConsumer65vs63,False,0.7975939849624061,0.8888327526132405,0.8088721804511279,0.9237308868501529,0.03076923076923077,0.028169014084507043,0.027071520029266508,0.027071520029266508
javax.jms.MessageConsumer,Template2,MessageConsumer33vs59,False,0.6830231972204902,0.8366831904309624,0.7198405252363642,0.8912209580779795,0.11650485436893204,0.078125,0.09116546762589928,0.07597122302158274
javax.jms.MessageConsumer,Template3,MessageConsumer51vs12,False,0.613406063693064,0.8638626819005364,0.6139426328034221,0.8974987407313463,0.12389380530973451,0.024844720496894408,0.07671751141004084,0.02191928897429738
javax.jms.MessageConsumer,Template5,MessageConsumer28vs32,False,0.6436527877248331,0.8027286976366867,0.6883374043864932,0.8366122711294288,0.125,0.09929078014184398,0.10263157894736842,0.08980263157894736
javax.jms.MessageConsumer,Template6,MessageConsumer10vs67,True,0.8267782426778243,0.998326359832636,0.8267782426778243,0.998326359832636,0.0,0.0,0.0,0.0
javax.jms.MessageConsumer,Template8,MessageConsumer13vs44,False,0.7808036753348426,0.9380331388073139,0.794776348363344,0.9624408887397636,0.042105263157894736,0.03418803418803419,0.033264320220841956,0.033264320220841956
javax.jms.MessageConsumer,Template9,MessageConsumer38vs47,False,0.8032997977839798,0.9569644508091264,0.8083050620853318,0.9663843285887903,0.0136986301369863,0.011111111111111112,0.010772616703347618,0.010772616703347618
javax.jms.MessageProducer,Template1,MessageProducer76vs54,False,0.7497865550397877,0.8890117596288705,0.7710896054376658,0.9163092419169299,0.038461538461538464,0.03225806451612903,0.030952380952380953,0.030952380952380953
javax.jms.MessageProducer,Template2,MessageProducer14vs45,True,0.8506760728982952,0.9988242210464433,0.8506760728982952,0.9988242210464433,0.0,0.0,0.0,0.0
javax.jms.MessageProducer,Template3,MessageProducer24vs12,True,0.8500635324015248,0.9974587039390089,0.8500635324015248,0.9974587039390089,0.0,0.0,0.0,0.0
javax.jms.MessageProducer,Template4,MessageProducer73vs64,False,0.7286799191401088,0.8870817932580778,0.7509955530981259,0.9155548816738838,0.05825242718446602,0.046511627906976744,0.04558273381294964,0.04558273381294964
javax.jms.TextMessage,Template1,TextMessage20vs32,False,0.47742433419957403,0.637451111563907,0.495651413392345,0.6872546546961888,0.21428571428571427,0.16666666666666666,0.13246425567703954,0.11774600504625736
javax.jms.TextMessage,Template2,TextMessage36vs62,False,0.7849303814132664,0.947444831591173,0.799763315109113,0.975972822773564,0.059322033898305086,0.032467532467532464,0.04516317016317016,0.032259407259407256
javax.jms.TextMessage,Template3,TextMessage10vs61,True,0.841692789968652,0.9968652037617555,0.841692789968652,0.9968652037617555,0.0,0.0,0.0,0.0
javax.jms.TextMessage,Template4,TextMessage59vs58,False,0.799731797844214,0.9216125521494649,0.8110954342078502,0.932053171202853,0.03076923076923077,0.013888888888888888,0.027071520029266508,0.013535760014633254
javax.jms.TextMessage,Template5,TextMessage39vs27,False,0.17445969444789466,0.6674698795180722,0.15210222332629486,0.7368960377592846,0.125,0.18181818181818182,0.02299154334038055,0.1379492600422833
javax.jms.TextMessage,Template6,TextMessage6vs46,False,0.5453036832676792,0.7521226225993898,0.5804791904865505,0.8221539964171809,0.1702127659574468,0.08771929824561403,0.11805555555555555,0.07378472222222222
javax.naming.Context,Template1,Context1vs15,False,0.7015011433770193,0.9290796807103723,0.6960203103100642,0.9486864458196821,0.05333333333333334,0.018018018018018018,0.034477656111275526,0.017238828055637763
javax.naming.Context,Template2,Context4vs14,False,0.8116915391299142,0.9589022153139528,0.8182703313567178,0.9686820791699036,0.0136986301369863,0.011363636363636364,0.01101028433151845,0.01101028433151845
javax.ws.rs.core.MediaType,Template10,MediaType24vs22,False,0.4290322580645161,0.643646408839779,0.5246836323181755,0.8348630232234738,0.38461538461538464,0.26666666666666666,0.3333333333333333,0.26666666666666666
javax.ws.rs.core.MediaType,Template1,MediaType6vs13,False,0.7161959322883465,0.8218565770452335,0.7610813051186995,0.8655103732528955,0.09803921568627451,0.07547169811320754,0.08749239196591602,0.0699939135727328
javax.ws.rs.core.MediaType,Template2,MediaType19vs30,False,0.20890923339982898,0.2489711934156379,0.1626531775434597,0.429858934169279,0.7,0.375,0.3333333333333333,0.2857142857142857
javax.ws.rs.core.MediaType,Template3,MediaType17vs3,False,0.7502006317766584,0.9434782608695652,0.7662906599504824,0.9520276615726116,0.061224489795918366,0.017543859649122806,0.05263157894736842,0.017543859649122806
javax.ws.rs.core.MediaType,Template4,MediaType1vs18,True,0.8772872636262514,0.9978494623655914,0.8772872636262514,0.9978494623655914,0.0,0.0,0.0,0.0
javax.ws.rs.core.MediaType,Template5,MediaType10vs7,True,0.8685780680818993,0.9964171929063275,0.8685780680818993,0.9964171929063275,0.0,0.0,0.0,0.0
javax.ws.rs.core.MediaType,Template6,MediaType6vs13,False,0.7161959322883465,0.8218565770452335,0.7610813051186995,0.8655103732528955,0.09803921568627451,0.07547169811320754,0.08749239196591602,0.0699939135727328
javax.ws.rs.core.MediaType,Template7,MediaType27vs26,False,0.375,0.7353688274740906,0.4478256451940662,0.7525401341190815,0.23076923076923078,0.1,0.2863636363636364,0.09545454545454546
javax.ws.rs.core.MediaType,Template8,MediaType15vs14,False,0.6064844936022555,0.7900355871886121,0.7035094339622642,0.862867924528302,0.23809523809523808,0.17391304347826086,0.20833333333333334,0.16666666666666666
javax.ws.rs.core.MediaType,Template9,MediaType21vs20,False,0.45024570024570026,0.5471698113207547,0.5381400208986415,0.7584117032392894,0.3076923076923077,0.3125,0.2426470588235294,0.3033088235294118
javax.ws.rs.core.Response,Template10,Response10vs28,False,0.5912786680821664,0.7200791965912341,0.6664366803679781,0.8058770417795289,0.2608695652173913,0.15384615384615385,0.21969696969696967,0.14646464646464646
javax.ws.rs.core.Response,Template11,Response13vs16,False,0.6854221384156061,0.8619372119588766,0.7226165622825331,0.9069791456214784,0.17073170731707318,0.06382978723404255,0.14583333333333334,0.0625
javax.ws.rs.core.Response,Template1,Response11vs15,True,0.775461584276355,0.9994044073853484,0.775461584276355,0.9994044073853484,0.0,0.0,0.0,0.0
javax.ws.rs.core.Response,Template3,Response43vs23,False,0.6000477195097449,0.7877629063097514,0.6324969861362266,0.8658453887884268,0.2564102564102564,0.14893617021276595,0.20833333333333334,0.14583333333333334
javax.ws.rs.core.Response,Template4,Response48vs6,True,0.845598162660327,0.9986458017408092,0.845598162660327,0.9986458017408092,0.0,0.0,0.0,0.0
javax.ws.rs.core.Response,Template5,Response25vs21,False,0.3753917408547578,0.5994225382460676,0.4618104667609618,0.713869706298361,0.2916666666666667,0.16666666666666666,0.20606060606060606,0.1471861471861472
javax.ws.rs.core.Response,Template6,Response31vs38,False,0.3135288514961505,0.4841203422319884,0.3528780151091,0.5522395214173409,0.35294117647058826,0.12121212121212122,0.2799188640973631,0.09330628803245436
javax.ws.rs.core.Response,Template7,Response42vs41,False,0.7733863562309311,0.895752862163761,0.7975625734164633,0.9212681414889241,0.023809523809523808,0.02127659574468085,0.019960474308300395,0.019960474308300395
javax.ws.rs.core.Response,Template8,Response50vs49,False,0.6514739789196311,0.8348692501575299,0.6445158102766798,0.8536725955204216,0.14634146341463414,0.06,0.11891679748822606,0.05945839874411303
javax.ws.rs.core.Response,Template9,Response26vs24,False,0.6230779724436303,0.9137444398459376,0.6536628144914545,0.9395962036910724,0.07894736842105263,0.0196078431372549,0.05771365149833518,0.019237883832778392
javax.ws.rs.core.UriBuilder,Template1,UriBuilder3vs10,False,0.6116071428571429,0.7808988764044944,0.6942788710160311,0.8494052965352059,0.21428571428571427,0.15151515151515152,0.18181818181818182,0.15151515151515152
javax.ws.rs.core.UriBuilder,Template2,UriBuilder28vs25,True,0.7459546925566343,0.9991909385113269,0.7459546925566343,0.9991909385113269,0.0,0.0,0.0,0.0
javax.ws.rs.core.UriBuilder,Template3,UriBuilder14vs21,True,0.8699376947040498,0.9984423676012462,0.8699376947040498,0.9984423676012462,0.0,0.0,0.0,0.0
junit.framework.Assert,Template10,Assert29vs28,False,0.4743872253078966,0.5834304018637158,0.42972711905336874,0.6945031393383241,0.2222222222222222,0.12121212121212122,0.1471291866028708,0.09808612440191387
junit.framework.Assert,Template11,Assert25vs27,False,0.4016231075536151,0.7965783356578335,0.4509025124815556,0.837254664160249,0.23076923076923078,0.05263157894736842,0.15476190476190477,0.051587301587301584
junit.framework.Assert,Template12,Assert39vs40,False,0.4044769360160445,0.5145965612744419,0.3780903705209845,0.5145965612744419,0.08695652173913043,0.06060606060606061,0.026190476190476188,0.026190476190476188
junit.framework.Assert,Template13,Assert48vs49,False,0.4712478129134127,0.7636363636363637,0.4942922374429224,0.8198374087824862,0.125,0.09090909090909091,0.08893280632411067,0.08893280632411067
junit.framework.Assert,Template1,Assert73vs74,False,0.6718739042008556,0.9248018795146925,0.6769408794445614,0.928238305631531,0.11538461538461539,0.03225806451612903,0.0967741935483871,0.03225806451612903
junit.framework.Assert,Template2,Assert32vs31,False,0.5970052896830356,0.7158385093167702,0.5874880253238368,0.8166729143237952,0.16,0.10714285714285714,0.12310606060606061,0.09232954545454546
junit.framework.Assert,Template3,Assert44vs45,False,0.49129123381337697,0.7082497326979684,0.5336973811000965,0.7821125440553349,0.16363636363636364,0.06153846153846154,0.12428571428571428,0.05523809523809524
junit.framework.Assert,Template4,Assert63vs64,False,0.5282608695652173,0.7865498905223647,0.5098999061620269,0.7865498905223647,0.16666666666666666,0.05,0.135,0.045
junit.framework.Assert,Template5,Assert65vs66,False,0.570596923192705,0.7968557787169774,0.5706298486682428,0.8061567503496372,0.1836734693877551,0.034482758620689655,0.14376267748478702,0.031947261663286
junit.framework.Assert,Template7,Assert43vs46,False,0.4203771289537713,0.783449074074074,0.4426094890510949,0.8268476277372263,0.12903225806451613,0.0975609756097561,0.0892156862745098,0.0892156862745098
junit.framework.Assert,Template9,Assert57vs56,False,0.6114570230607967,0.9526519916142557,0.6000733752620545,0.9526519916142557,0.16666666666666666,0.0,0.15,0.0
org.andengine.engine.camera.Camera,Template1,Camera7vs8,False,0.6126889503938685,0.8902278049819033,0.5905471577602726,0.8902278049819033,0.18181818181818182,0.0,0.13859020310633213,0.0
org.apache.catalina.connector.Response,Template1,Response51vs24,False,0.3709404553900768,0.5958994708994709,0.4618104667609618,0.7108189810577696,0.2916666666666667,0.16666666666666666,0.20606060606060606,0.1471861471861472
org.apache.catalina.connector.Response,Template2,Response48vs49,False,0.6514739789196311,0.8368949958982773,0.6445158102766798,0.8555253623188406,0.14634146341463414,0.06,0.11891679748822606,0.05945839874411303
org.apache.catalina.connector.Response,Template3,Response27vs7,False,0.5912786680821664,0.720225629939877,0.6659986049299027,0.8054980007270084,0.2608695652173913,0.15384615384615385,0.21969696969696967,0.14646464646464646
org.apache.catalina.connector.Response,Template5,Response25vs23,False,0.6230779724436303,0.9137444398459376,0.6536628144914545,0.9395962036910724,0.07894736842105263,0.0196078431372549,0.05771365149833518,0.019237883832778392
org.apache.hadoop.fs.FileSystem,Template2,FileSystem3vs1,True,0.8209606986899564,0.9993761696818465,0.8209606986899564,0.9993761696818465,0.0,0.0,0.0,0.0
org.apache.hadoop.fs.Path,Template1,Path6vs3,True,0.8621700879765396,0.9970674486803519,0.8621700879765396,0.9970674486803519,0.0,0.0,0.0,0.0
org.apache.hadoop.fs.Path,Template2,Path15vs19,False,0.47977528089887644,0.7672970791484759,0.609771492870832,0.8063037272069407,0.46774193548387094,0.05357142857142857,0.4465766406064913,0.04619758351101634
org.apache.hadoop.fs.Path,Template3,Path27vs18,False,0.5690493736182757,0.9277562550443906,0.6597013720742535,0.9277562550443906,0.2037037037037037,0.0,0.18154761904761904,0.0
org.apache.hadoop.fs.Path,Template4,Path4vs7,False,0.7748344370860927,0.9834437086092715,0.7682119205298014,0.9834437086092715,0.047619047619047616,0.0,0.038461538461538464,0.0
org.apache.hadoop.fs.Path,Template5,Path12vs28,False,0.5332908135990776,0.6892346118861161,0.5753709579523416,0.7386969058463401,0.2804878048780488,0.09195402298850575,0.21746498974221745,0.07563999643207564
org.apache.hadoop.fs.Path,Template6,Path24vs17,False,0.5538194444444444,0.7627986348122867,0.6427888901002354,0.8395641076616239,0.2653061224489796,0.10204081632653061,0.25264150943396224,0.09716981132075472
org.apache.hadoop.fs.Path,Template7,Path9vs10,True,0.8236069115213809,0.9980332160314822,0.8236069115213809,0.9980332160314822,0.0,0.0,0.0,0.0
org.apache.hadoop.io.Text,Template10,Text23vs13,True,0.797153024911032,0.99644128113879,0.8202846975088968,0.99644128113879,0.0,0.0,0.0,0.0
org.apache.hadoop.io.Text,Template1,Text19vs9,True,0.844366668204253,0.9986849793194643,0.844366668204253,0.9986849793194643,0.0,0.0,0.0,0.0
org.apache.hadoop.io.Text,Template2,Text18vs8,True,0.7715498650138181,0.9985871268799111,0.7715498650138181,0.9985871268799111,0.0,0.0,0.0,0.0
org.apache.hadoop.io.Text,Template4,Text2vs3,True,0.8314711359404097,0.9990689013035382,0.8314711359404097,0.9990689013035382,0.0,0.0,0.0,0.0
org.apache.hadoop.io.Text,Template5,Text10vs11,False,0.5328901933701657,0.7667934093789608,0.636992703370922,0.8455355258397154,0.1935483870967742,0.14285714285714285,0.1644144144144144,0.13701201201201202
org.apache.hadoop.io.Text,Template6,Text16vs26,True,0.843710292249047,0.9974587039390089,0.843710292249047,0.9974587039390089,0.0,0.0,0.0,0.0
org.apache.hadoop.io.Text,Template7,Text17vs7,True,0.8000017558337577,0.9955577405931206,0.8000017558337577,0.9955577405931206,0.0,0.0,0.0,0.0
org.apache.hadoop.io.Text,Template8,Text12vs22,True,0.8305882352941176,0.9976470588235294,0.8305882352941176,0.9976470588235294,0.0,0.0,0.0,0.0
org.apache.hadoop.io.Text,Template9,Text25vs15,True,0.7921225382932167,0.9956236323851203,0.7921225382932167,0.9956236323851203,0.0,0.0,0.0,0.0
org.apache.mahout.math.DenseVector,Template1,DenseVector6vs5,False,0.5568961818961818,0.8431986170720076,0.6598185390661119,0.8919607843137255,0.07352941176470588,0.025974025974025976,0.06274509803921569,0.025098039215686277
org.apache.mahout.math.DenseVector,Template2,DenseVector9vs8,False,0.5563922704911198,0.8777777777777778,0.694480020020462,0.9268793104717321,0.1896551724137931,0.03225806451612903,0.16802705223880599,0.03055037313432836
org.apache.mahout.math.DenseVector,Template3,DenseVector6vs7,False,0.7475609175709119,0.9260143198090691,0.7390419760137065,0.9463639824861984,0.03278688524590164,0.02666666666666667,0.02666666666666667,0.02666666666666667
org.apache.mahout.math.DenseVector,Template4,DenseVector1vs3,False,0.6356459187540182,0.8515152742155642,0.7092736422949097,0.8758616353943677,0.17073170731707318,0.03296703296703297,0.1451751558134537,0.03110896196002579
org.restlet.data.Form,Template1,Form2vs12,True,0.7170513003472576,0.9622127989235694,0.7170513003472576,0.9622127989235694,0.0,0.0,0.0,0.0
org.restlet.data.Form,Template2,Form15vs1,True,0.5425408988627379,0.9383476251292343,0.5425408988627379,0.9383476251292343,0.0,0.0,0.0,0.0
org.restlet.data.Form,Template3,Form4vs3,True,0.8012738853503185,0.98989898989899,0.8012738853503185,0.98989898989899,0.0,0.0,0.0,0.0
org.restlet.data.MediaType,Template1,MediaType19vs18,False,0.6064844936022555,0.7900355871886121,0.7035094339622642,0.862867924528302,0.23809523809523808,0.17391304347826086,0.20833333333333334,0.16666666666666666
org.restlet.data.MediaType,Template2,MediaType5vs3,False,0.7740161321036194,0.9769423037495326,0.7740161321036194,0.9833981189311138,0.0,0.011494252873563218,0.0,0.011766334440753045
org.restlet.data.MediaType,Template3,MediaType1vs22,True,0.8772872636262514,0.9967718761586948,0.8772872636262514,0.9967718761586948,0.0,0.0,0.0,0.0
org.restlet.data.MediaType,Template4,MediaType10vs13,True,0.8687350835322196,0.9976133651551312,0.8687350835322196,0.9976133651551312,0.0,0.0,0.0,0.0
org.restlet.data.Protocol,Template1,Protocol33vs18,False,0.5326799155249905,0.7722817685251984,0.6018023336574524,0.8606750937630226,0.32,0.1,0.271264367816092,0.10172413793103449
org.restlet.data.Protocol,Template2,Protocol4vs7,False,0.7036350037397158,0.8680179506357517,0.7219745699326852,0.8680179506357517,0.06666666666666667,0.0,0.05733005733005733,0.0
org.restlet.data.Protocol,Template3,Protocol13vs8,True,0.53315388559291,0.9309895261114773,0.53315388559291,0.9309895261114773,0.0,0.0,0.0,0.0
org.restlet.data.Protocol,Template4,Protocol9vs10,True,0.5900124102951492,0.9407678195651001,0.5900124102951492,0.9407678195651001,0.0,0.0,0.0,0.0
org.restlet.data.Protocol,Template5,Protocol12vs11,True,0.6252587991718426,0.94824016563147,0.6252587991718426,0.94824016563147,0.0,0.0,0.0,0.0
org.restlet.data.Protocol,Template6,Protocol13vs15,False,0.664497083511168,0.8212419169102667,0.6839684468911609,0.8793880031457781,0.14285714285714285,0.09090909090909091,0.13068181818181818,0.08712121212121213
org.restlet.data.Status,Template1,Status11vs3,True,0.7144174986508365,0.962351592012952,0.7144174986508365,0.962351592012952,0.0,0.0,0.0,0.0
org.restlet.data.Status,Template2,Status12vs4,True,0.6364538197518209,0.9834630350194553,0.6364538197518209,0.9834630350194553,0.0,0.0,0.0,0.0
org.restlet.data.Status,Template3,Status6vs5,True,0.8134171907756813,0.991675338189386,0.8134171907756813,0.991675338189386,0.0,0.0,0.0,0.0
org.restlet.data.Status,Template4,Status7vs2,False,0.25598086124401914,0.34522860180754916,0.2692716640085061,0.40404040404040403,0.4166666666666667,0.45454545454545453,0.29411764705882354,0.29411764705882354
org.restlet.data.Status,Template5,Status9vs8,True,0.8722891566265061,0.9975903614457832,0.8722891566265061,0.9975903614457832,0.0,0.0,0.0,0.0
org.restlet.representation.Representation,Template1,Representation19vs15,True,0.8632075471698113,0.9976415094339622,0.8632075471698113,0.9976415094339622,0.0,0.0,0.0,0.0
org.restlet.representation.Representation,Template2,Representation3vs5,False,0.2478680844343844,0.3084755218745642,0.2524497795198432,0.39323044259349993,0.625,0.47058823529411764,0.4464285714285714,0.3571428571428571
org.restlet.representation.Representation,Template3,Representation4vs8,True,0.8076923076923077,0.9917440660474717,0.8076923076923077,0.9917440660474717,0.0,0.0,0.0,0.0
org.restlet.representation.Representation,Template4,Representation22vs24,True,0.8395802098950524,0.9985007496251874,0.8395802098950524,0.9985007496251874,0.0,0.0,0.0,0.0
org.restlet.resource.ClientResource,Template1,ClientResource17vs11,False,0.5828035919200014,0.8152873482808074,0.5755541793409956,0.8475255459827691,0.17647058823529413,0.09523809523809523,0.14285714285714285,0.09523809523809523
org.restlet.resource.ClientResource,Template2,ClientResource12vs15,False,0.7994423040334856,0.9646851394915719,0.8265030441400304,0.970056839802131,0.07272727272727272,0.015873015873015872,0.06350806451612903,0.015877016129032258
org.restlet.resource.ClientResource,Template3,ClientResource19vs22,True,0.8444444444444444,0.9936507936507937,0.8444444444444444,0.9936507936507937,0.0,0.0,0.0,0.0
org.restlet.resource.ClientResource,Template4,ClientResource18vs23,False,0.7467414938003174,0.9037349306075502,0.7727155197743434,0.9268933680698386,0.030303030303030304,0.02631578947368421,0.02541827541827542,0.02541827541827542
org.restlet.resource.ClientResource,Template5,ClientResource31vs34,False,0.27378435517970406,0.4675494451880856,0.3605216269762123,0.5606326538753041,0.46875,0.16,0.3758844339622641,0.10023584905660377
org.restlet.resource.ClientResource,Template6,ClientResource14vs46,False,0.811563053527455,0.9028389150858066,0.8277360842812089,0.9270547247714915,0.06382978723404255,0.0392156862745098,0.05660377358490566,0.03773584905660377
org.restlet.resource.ClientResource,Template7,ClientResource20vs27,True,0.8632075471698113,0.9976415094339622,0.8632075471698113,0.9976415094339622,0.0,0.0,0.0,0.0
org.restlet.resource.ClientResource,Template8,ClientResource49vs41,False,0.46393301846285956,0.6234196841753733,0.40679515926403004,0.6786333349235882,0.22727272727272727,0.17142857142857143,0.11237373737373738,0.13484848484848483
org.restlet.resource.ClientResource,Template9,ClientResource16vs32,False,0.2741046831955923,0.2986870897155361,0.3392151392569861,0.4680685358255452,0.72,0.5833333333333334,0.6428571428571429,0.5
org.restlet.Server,Template1,Server1vs4,False,0.5946716564198521,0.8274861325556128,0.6329412812973358,0.8402667256115531,0.07407407407407407,0.012987012987012988,0.04961948249619483,0.012404870624048707
org.restlet.Server,Template2,Server9vs10,True,0.536055414050468,0.9306139675393911,0.536055414050468,0.9306139675393911,0.0,0.0,0.0,0.0
org.springframework.http.HttpMethod,Template1,HttpMethod15vs14,False,0.6787967603364955,0.8088235294117647,0.767642798013245,0.8959734088266518,0.17391304347826086,0.12,0.1610305958132045,0.12077294685990338
org.springframework.http.HttpMethod,Template2,HttpMethod8vs9,False,0.7586849947130636,0.8627639155470249,0.8301307836488848,0.9286678611608816,0.15151515151515152,0.10810810810810811,0.13392857142857142,0.10714285714285715
org.springframework.http.HttpMethod,Template3,HttpMethod12vs11,False,0.7789975279729379,0.888560157790927,0.8398532265890344,0.9415818163118379,0.12903225806451613,0.08333333333333333,0.11145510835913312,0.08359133126934984
org.springframework.http.HttpMethod,Template4,HttpMethod17vs18,False,0.5278059214229427,0.7150259067357514,0.6521811521811522,0.8361031213380207,0.23529411764705882,0.17647058823529413,0.23859649122807017,0.17894736842105263
org.springframework.http.HttpMethod,Template5,HttpMethod3vs1,False,0.7819459800979308,0.8841463414634146,0.8389287391460484,0.9382631453505428,0.13333333333333333,0.08823529411764706,0.11616161616161616,0.08712121212121213
org.springframework.http.MediaType,Template1,MediaType10vs13,False,0.23820773051176852,0.26828582739509105,0.19924913599981986,0.3498497146266506,0.7058823529411765,0.55,0.45789473684210524,0.4197368421052632
org.springframework.http.MediaType,Template2,MediaType1vs3,False,0.45905102372440687,0.6545297210943221,0.53829369845464,0.7070822323644808,0.4,0.36363636363636365,0.3666666666666667,0.3666666666666667
org.springframework.http.MediaType,Template3,MediaType7vs3,False,0.27671580937749285,0.42901881998404584,0.20889591396578722,0.4152066652879133,0.5,0.2857142857142857,0.26666666666666666,0.13333333333333333
org.springframework.util.Assert,Template1,Assert5vs6,False,0.4710314840530881,0.6514672069569969,0.4309270683937745,0.7209992335769193,0.2222222222222222,0.09375,0.1471291866028708,0.0735645933014354
org.springframework.util.Assert,Template2,Assert23vs8,False,0.21685956790123456,0.33896396396396394,0.2435922712933754,0.43263341219768664,0.625,0.5909090909090909,0.37433155080213903,0.3244206773618538
org.springframework.util.Assert,Template3,Assert42vs43,False,0.570596923192705,0.7968557787169774,0.5706298486682428,0.8061567503496372,0.1836734693877551,0.034482758620689655,0.14376267748478702,0.031947261663286
org.springframework.util.Assert,Template4,Assert20vs38,False,0.2429459009881325,0.3077983018024728,0.2344890510948905,0.3887606137345449,0.625,0.3793103448275862,0.36191860465116277,0.26540697674418606
org.springframework.util.Assert,Template5,Assert15vs34,False,0.6201128031584885,0.7026431718061674,0.6235984207557812,0.7997292724196277,0.16666666666666666,0.14285714285714285,0.15,0.15
org.springframework.util.Assert,Template6,Assert22vs21,False,0.5755134378729885,0.7252927581318639,0.6340482135425956,0.7995526425301707,0.15217391304347827,0.11764705882352941,0.12413684871311989,0.1064030131826742
org.w3c.dom.Document,Template1,Document10vs8,True,0.6999476446730111,0.9700475616113953,0.6999476446730111,0.9700475616113953,0.0,0.0,0.0,0.0
org.w3c.dom.Document,Template2,Document16vs7,True,0.831879280937813,0.9982551371253756,0.831879280937813,0.9982551371253756,0.0,0.0,0.0,0.0
org.w3c.dom.Document,Template3,Document12vs8,True,0.6992127910975513,0.9700790074686747,0.6992127910975513,0.9700790074686747,0.0,0.0,0.0,0.0
org.w3c.dom.Document,Template4,Document15vs14,False,0.6690538156475083,0.7241863003275575,0.7083215697346132,0.8091414925654057,0.1111111111111111,0.0851063829787234,0.08684210526315789,0.07719298245614034
twitter4j.TwitterException,Template11,TwitterException89vs66,False,0.4913382709007167,0.6927942164633965,0.5517177819177018,0.7604321534549824,0.2537313432835821,0.12987012987012986,0.17989921612541993,0.10582306830907054
twitter4j.TwitterException,Template15,TwitterException29vs35,False,0.6538193342742626,0.9062323803688589,0.6457226009037298,0.9062323803688589,0.022222222222222223,0.0,0.015267175572519083,0.0
twitter4j.TwitterException,Template1,TwitterException81vs25,False,0.4980624533499349,0.7280273796705612,0.5560863482245362,0.8172250449346815,0.12658227848101267,0.06666666666666667,0.08083441981747067,0.05658409387222947
twitter4j.TwitterException,Template8,TwitterException40vs1,False,0.6193340452941148,0.8469731290676348,0.6025838110334765,0.8469731290676348,0.05319148936170213,0.007751937984496124,0.03333333333333333,0.006666666666666667
twitter4j.Twitter,Template10,Twitter51vs2,False,0.692182402270195,0.9167099336763227,0.6858411035161418,0.9167099336763227,0.019417475728155338,0.0,0.015151515151515152,0.0
twitter4j.Twitter,Template11,Twitter67vs8,False,0.5043957787024944,0.7066353477980607,0.5381065921493586,0.7464082860006682,0.25,0.12857142857142856,0.16862447896930655,0.10117468738158393
twitter4j.Twitter,Template12,Twitter1vs35,False,0.6226934523809524,0.8459627329192547,0.6058326863354038,0.8459627329192547,0.05319148936170213,0.007751937984496124,0.03333333333333333,0.006666666666666667
twitter4j.Twitter,Template13,Twitter11vs44,False,0.4799626517273576,0.5922456049467769,0.5113015873015874,0.750468720821662,0.2153846153846154,0.15294117647058825,0.13886997957794417,0.12895069532237674
twitter4j.Twitter,Template14,Twitter78vs75,False,0.5884658454647256,0.8891377379619261,0.574468085106383,0.8891377379619261,0.05357142857142857,0.0,0.03296703296703297,0.0
twitter4j.Twitter,Template15,Twitter34vs4,False,0.6703954036517547,0.9067099431995507,0.6607571609881079,0.9067099431995507,0.04,0.0,0.030303030303030304,0.0
twitter4j.Twitter,Template16,Twitter27vs28,False,0.41589334921120913,0.5039277105100679,0.46399111795017534,0.5889157278489144,0.3220338983050847,0.2878787878787879,0.22095878020416074,0.22095878020416074
twitter4j.Twitter,Template18,Twitter51vs58,False,0.5915276916785519,0.7775381449674942,0.5835107097803423,0.80678538967185,0.07228915662650602,0.04504504504504504,0.04511533242876527,0.03759611035730438
twitter4j.Twitter,Template1,Twitter20vs12,False,0.3986493574613166,0.6453119899267826,0.4323135755258126,0.6530429510796064,0.23255813953488372,0.020833333333333332,0.14772727272727273,0.014772727272727272
twitter4j.Twitter,Template20,Twitter29vs25,False,0.6046652677815185,0.7979784974611511,0.5762367577644509,0.7979784974611511,0.10416666666666667,0.05263157894736842,0.067141312184571,0.04028478731074261
twitter4j.Twitter,Template2,Twitter31vs7,False,0.6776933714059947,0.8894276529641003,0.6753407682775713,0.8949410053337643,0.046875,0.023529411764705882,0.03297101449275362,0.021980676328502417
twitter4j.Twitter,Template3,Twitter65vs53,False,0.6135345427357087,0.8057654914333933,0.635474653388958,0.8510545440300981,0.12931034482758622,0.05343511450381679,0.09967320261437909,0.04651416122004357
twitter4j.Twitter,Template4,Twitter48vs62,False,0.5918002974037457,0.7506008359456635,0.5741650590788522,0.7556295715778474,0.11764705882352941,0.07017543859649122,0.08114035087719298,0.054093567251461985
twitter4j.Twitter,Template5,Twitter21vs17,False,0.5782133909597502,0.7111861137897781,0.6097009045319544,0.8356538105679412,0.1232876712328767,0.07526881720430108,0.08609693877551021,0.06696428571428571
twitter4j.Twitter,Template6,Twitter40vs9,False,0.6089808202504683,0.8893394064452327,0.5997190076357655,0.887389100729344,0.05970149253731343,0.02127659574468085,0.038834951456310676,0.019417475728155338
twitter4j.Twitter,Template7,Twitter68vs50,False,0.6902320561252024,0.9508438101710273,0.6902825511340863,0.9600363564063965,0.03488372093023256,0.008771929824561403,0.02655075187969925,0.008850250626566416
twitter4j.Twitter,Template8,Twitter76vs56,False,0.4943602432440818,0.6911838330961964,0.5554249014923521,0.7567543669138408,0.2537313432835821,0.12987012987012986,0.17989921612541993,0.10582306830907054
twitter4j.Twitter,Template9,Twitter26vs18,False,0.5078662828513102,0.7184173412414753,0.515196447775996,0.7606152959435354,0.14925373134328357,0.08695652173913043,0.08403949856432524,0.06723159885146018
twitter4j.User,Template4,User15vs14,False,0.5726972604450796,0.7769699900944944,0.5790715694561848,0.8062918115455784,0.07228915662650602,0.04504504504504504,0.04511533242876527,0.03759611035730438
