directory,template,generalization_nodes,generalization_edges,generalization_node_variables,generalization_edge_variables,g1_nodes,g1_edges,g2_nodes,g2_edges,time0,time1,time2,time3,time4,time5,time6,time7,time8,time9,avg_time,std_dev
java.io.BufferedReader,Template1,242, 241, 0, 0, 242, 241, 242, 241,467,498,501,495,507,521,496,516,511,511,502.3,14.387842089764538
java.io.BufferedReader,Template2,139, 124, 31, 59, 227, 226, 295, 294,590,597,646,607,614,620,630,639,609,637,618.9,17.801404438976157
java.io.BufferedReader,Template3,294, 293, 1, 1, 295, 294, 295, 294,810,822,845,833,831,830,840,857,867,849,838.4,15.97623234683322
java.io.BufferedReader,Template4,239, 238, 1, 1, 240, 239, 240, 239,424,444,443,437,446,436,441,444,466,461,444.2,11.4
java.io.File,Template1,144, 142, 5, 7, 158, 157, 179, 178,206,223,223,197,208,220,221,202,229,205,213.4,10.403845442911962
java.io.File,Template10,521, 507, 3, 29, 530, 529, 530, 529,7323,7390,7510,7382,7419,7334,7453,7501,7270,7452,7403.4,74.6112592039566
java.io.File,Template11,78, 77, 0, 0, 78, 77, 78, 77,23,24,22,22,23,28,23,24,29,24,24.2,2.2715633383201093
java.io.File,Template12,240, 239, 0, 0, 240, 239, 240, 239,404,429,433,425,432,432,435,460,450,458,435.8,15.784802817900514
java.io.File,Template13,56, 55, 4, 4, 60, 59, 60, 59,13,11,11,11,11,11,12,11,12,11,11.4,0.6633249580710798
java.io.File,Template14,110, 109, 2, 2, 113, 112, 111, 110,55,63,56,61,56,58,57,59,62,59,58.6,2.576819745345025
java.io.File,Template15,98, 97, 0, 0, 98, 97, 98, 97,34,34,37,35,34,35,34,36,37,42,35.8,2.3579652245103193
java.io.File,Template16,306, 301, 7, 15, 349, 348, 311, 310,1436,1424,1434,1451,1424,1406,1403,1412,1452,1443,1428.5,16.8062488378579
java.io.File,Template17,75, 74, 0, 0, 75, 74, 75, 74,22,23,24,22,23,22,22,22,23,25,22.8,0.9797958971132713
java.io.File,Template18,513, 512, 0, 0, 513, 512, 513, 512,7031,6976,6921,7067,6926,7076,7045,7052,7140,7141,7037.5,73.25742283209259
java.io.File,Template2,400, 399, 0, 0, 400, 399, 400, 399,2138,2281,2272,2277,2282,2293,2292,2286,2273,2278,2267.2,43.595412602703966
java.io.File,Template3,127, 126, 0, 0, 127, 126, 127, 126,67,70,72,75,71,72,76,70,73,73,71.9,2.467792535850613
java.io.File,Template4,51, 50, 2, 2, 53, 52, 53, 52,9,8,9,8,8,8,8,8,9,9,8.4,0.48989794855663565
java.io.File,Template5,152, 150, 5, 7, 158, 157, 187, 186,202,214,216,216,211,213,216,216,224,219,214.7,5.386093203798093
java.io.File,Template6,339, 338, 0, 0, 339, 338, 339, 338,1117,1180,1202,1215,1155,1198,1189,1196,1221,1225,1189.8,31.16023106461183
java.io.File,Template7,193, 189, 0, 6, 193, 192, 193, 192,241,233,244,236,233,236,239,237,251,246,239.6,5.589275444992848
java.io.File,Template8,196, 195, 0, 0, 196, 195, 196, 195,226,227,229,223,229,229,228,232,236,234,229.3,3.6345563690772495
java.io.File,Template9,51, 50, 2, 2, 53, 52, 53, 52,8,8,8,8,8,8,8,8,8,9,8.1,0.3
java.io.IOException,Template1,71, 69, 5, 7, 89, 88, 151, 150,69,61,62,65,62,63,62,62,66,70,64.2,3.026549190084311
java.io.IOException,Template10,117, 116, 4, 4, 122, 121, 126, 125,71,73,75,83,77,75,75,74,84,78,76.5,3.9560080889704965
java.io.IOException,Template11,321, 318, 9, 13, 338, 337, 416, 415,2097,2126,2093,2110,2088,2109,2087,2098,2080,2104,2099.2,12.812493902437575
java.io.IOException,Template12,507, 506, 0, 0, 507, 506, 507, 506,4510,4715,4702,4647,4734,4714,4779,4739,4699,4708,4694.7,69.30808033699967
java.io.IOException,Template2,86, 85, 0, 0, 86, 85, 86, 85,24,24,23,21,21,22,22,22,22,22,22.3,1.004987562112089
java.io.IOException,Template3,198, 189, 16, 32, 234, 233, 217, 216,477,480,488,485,490,495,495,510,503,513,493.6,11.473447607410773
java.io.IOException,Template4,339, 338, 0, 0, 339, 338, 339, 338,1112,1166,1160,1172,1173,1176,1195,1206,1220,1222,1180.2,31.00580590792634
java.io.IOException,Template5,130, 129, 4, 4, 155, 154, 134, 133,122,112,109,108,106,108,112,119,111,114,112.1,4.805205510693585
java.io.IOException,Template6,266, 265, 0, 0, 266, 265, 266, 265,463,495,510,504,512,507,498,508,515,510,502.2,14.309437445266674
java.io.IOException,Template7,250, 249, 5, 5, 257, 256, 257, 256,583,599,599,608,620,602,604,611,629,654,610.9,18.614241859393573
java.io.IOException,Template8,241, 240, 0, 0, 241, 240, 241, 240,393,415,422,417,418,423,417,422,439,437,420.3,12.008746812219833
java.io.IOException,Template9,200, 198, 5, 7, 293, 292, 213, 212,366,368,388,368,374,381,365,370,389,395,376.4,10.423051376636305
java.io.InputStream,Template1,82, 81, 1, 1, 84, 83, 82, 81,29,30,31,29,29,28,28,30,31,29,29.4,1.019803902718557
java.io.InputStream,Template2,117, 100, 30, 60, 169, 168, 424, 423,542,549,553,561,564,553,554,561,574,577,558.8,10.33247308247159
java.io.InputStreamReader,Template1,42, 39, 12, 16, 80, 79, 130, 129,43,41,40,41,41,45,49,40,42,49,43.1,3.269556544854363
java.io.InputStreamReader,Template2,345, 328, 30, 62, 596, 595, 495, 494,4254,4491,4458,4463,4600,4461,4448,4457,4452,4473,4455.7,79.50603750659442
java.io.InputStreamReader,Template3,465, 455, 13, 31, 484, 483, 514, 513,5162,5473,5443,5492,5503,5409,5468,5490,5515,5499,5445.4,99.0527132389618
java.io.InputStreamReader,Template4,128, 108, 25, 62, 169, 168, 233, 232,238,241,244,244,247,246,244,253,254,251,246.2,4.894895300208167
java.io.OutputStreamWriter,Template1,74, 73, 0, 0, 74, 73, 74, 73,18,16,16,20,18,17,16,17,17,18,17.3,1.1874342087037917
java.io.OutputStreamWriter,Template2,106, 105, 2, 2, 108, 107, 108, 107,63,45,48,47,46,48,46,45,50,54,49.2,5.268775948927796
java.io.PrintStream,Template1,274, 272, 1, 3, 289, 288, 274, 273,1394,1098,1101,1087,1083,1091,1084,1091,1089,1101,1121.9,90.90814044957689
java.io.PrintStream,Template2,260, 258, 4, 6, 261, 260, 293, 292,503,519,518,523,518,517,537,521,548,534,523.8,12.006664815842907
java.io.PrintWriter,Template1,106, 105, 2, 2, 108, 107, 108, 107,46,46,48,52,46,47,47,48,56,47,48.3,3.0675723300355937
java.io.PrintWriter,Template2,74, 73, 0, 0, 74, 73, 74, 73,17,16,16,16,16,16,16,16,17,18,16.4,0.6633249580710799
java.io.PrintWriter,Template3,545, 544, 0, 0, 545, 544, 545, 544,8147,8854,8899,8742,8596,8510,8951,8549,8674,8747,8666.9,222.6065812144825
java.lang.Exception,Template1,206, 202, 9, 13, 279, 278, 398, 397,2252,2395,2378,2378,2375,2351,2387,2368,2352,2349,2358.5,38.468818541774844
java.lang.Exception,Template2,155, 154, 1, 1, 156, 155, 156, 155,136,137,140,139,136,136,134,139,148,144,138.9,4.036087214122113
java.lang.Exception,Template3,274, 258, 6, 36, 301, 300, 350, 349,1277,1351,1384,1361,1366,1381,1369,1373,1373,1385,1362.0,30.046630426721727
java.lang.Exception,Template4,123, 119, 10, 16, 182, 181, 134, 133,124,128,127,126,131,130,135,135,140,134,131.0,4.711687595755898
java.lang.Exception,Template5,174, 173, 3, 3, 187, 186, 179, 178,244,250,253,254,251,255,252,266,267,268,256.0,7.745966692414834
java.lang.Exception,Template6,94, 93, 1, 1, 96, 95, 94, 93,47,31,29,30,29,30,30,30,31,32,31.9,5.107837115648854
java.lang.Exception,Template7,111, 110, 0, 0, 111, 110, 111, 110,69,61,55,54,51,53,54,56,60,57,57.0,4.9396356140913875
java.net.HttpURLConnection,Template1,383, 380, 6, 10, 393, 392, 457, 456,2535,2648,2642,2644,2633,2653,2671,2722,2709,2701,2655.8,49.99759994239723
java.net.HttpURLConnection,Template10,368, 367, 1, 1, 369, 368, 369, 368,2254,2422,2432,2402,2401,2443,2458,2447,2439,2451,2414.9,56.703527227148754
java.net.HttpURLConnection,Template11,294, 293, 1, 1, 295, 294, 295, 294,785,843,832,860,857,857,858,860,858,854,846.4,22.15942237514327
java.net.HttpURLConnection,Template2,82, 75, 16, 28, 183, 182, 97, 96,80,78,80,81,83,77,84,78,86,81,80.8,2.7129319932501077
java.net.HttpURLConnection,Template3,291, 290, 4, 4, 295, 294, 295, 294,834,908,891,886,904,903,882,884,893,898,888.3,19.96521975836981
java.net.HttpURLConnection,Template4,134, 133, 3, 3, 137, 136, 137, 136,78,78,76,79,79,76,80,84,87,80,79.7,3.257299494980466
java.net.HttpURLConnection,Template5,407, 406, 0, 0, 407, 406, 407, 406,2555,2729,2691,2712,2731,2752,2746,2722,2767,2766,2717.1,58.54647726379444
java.net.HttpURLConnection,Template6,256, 250, 13, 23, 341, 340, 287, 286,909,969,944,946,959,959,970,994,988,989,962.7,24.38052501485561
java.net.HttpURLConnection,Template7,294, 293, 1, 1, 295, 294, 295, 294,815,835,838,857,831,842,850,832,854,863,841.7,13.740815114104402
java.net.HttpURLConnection,Template8,239, 238, 1, 1, 240, 239, 240, 239,415,437,442,441,441,446,440,438,458,455,441.3,11.009541316512692
java.net.HttpURLConnection,Template9,294, 293, 1, 1, 295, 294, 295, 294,787,832,832,839,844,838,847,870,849,863,840.1,21.25299978826519
java.net.URI,Template1,435, 434, 0, 0, 435, 434, 435, 434,4802,5125,5146,5089,5132,5151,5146,5061,5031,5133,5081.6,100.69379325459937
java.net.URI,Template2,150, 149, 1, 1, 151, 150, 151, 150,120,127,129,130,126,126,128,130,139,139,129.4,5.517245689653489
java.net.URI,Template3,414, 409, 16, 24, 432, 431, 475, 474,2350,2507,2427,2442,2463,2466,2473,2525,2539,2494,2468.6,51.78648472333298
java.net.URI,Template4,134, 133, 6, 6, 153, 152, 142, 141,101,99,100,99,101,102,104,116,110,108,104.0,5.329165037789691
java.net.URI,Template5,99, 92, 12, 21, 123, 122, 164, 163,93,96,100,101,98,99,100,107,102,109,100.5,4.5
java.net.URI,Template6,26, 23, 7, 9, 67, 66, 142, 141,34,31,30,31,32,31,31,30,31,34,31.5,1.3601470508735443
java.net.URL,Template1,80, 79, 1, 1, 81, 80, 81, 80,20,24,20,20,23,20,20,20,23,25,21.5,1.91049731745428
java.net.URL,Template2,137, 135, 1, 3, 141, 140, 137, 136,87,93,92,94,89,91,89,92,94,95,91.6,2.4576411454889016
java.net.URL,Template3,57, 56, 2, 2, 81, 80, 59, 58,14,15,20,14,14,14,14,15,14,15,14.9,1.757839583124695
java.net.URL,Template4,47, 44, 8, 12, 81, 80, 93, 92,32,30,29,29,28,28,28,38,30,30,30.2,2.85657137141714
java.sql.SQLException,Template1,143, 142, 0, 0, 143, 142, 143, 142,94,87,95,96,88,93,91,88,95,95,92.2,3.2496153618543846
java.sql.SQLException,Template2,134, 133, 3, 3, 137, 136, 137, 136,80,80,76,76,79,78,98,80,80,84,81.1,6.040695324215582
java.sql.SQLException,Template3,101, 97, 7, 11, 130, 129, 137, 136,78,76,76,76,76,74,79,76,78,78,76.7,1.4177446878757827
java.sql.Statement,Template1,280, 279, 0, 0, 280, 279, 280, 279,806,787,838,782,774,797,778,800,808,844,801.4,22.63271967749347
java.sql.Statement,Template2,143, 142, 0, 0, 143, 142, 143, 142,102,95,88,88,89,87,92,100,100,94,93.5,5.333854141237834
java.sql.Statement,Template3,174, 173, 0, 0, 174, 173, 174, 173,217,219,216,219,215,218,216,220,229,227,219.6,4.476605857119878
java.sql.Statement,Template4,147, 143, 5, 11, 191, 190, 147, 146,155,157,150,148,156,149,149,158,161,163,154.6,5.083306010855534
java.util.Arrays,Template1,776, 743, 5, 68, 814, 813, 805, 804,321674,346272,346751,346752,346061,346263,346219,345916,335174,335028,341611.0,7987.737614619048
java.util.Arrays,Template2,38, 35, 7, 11, 51, 50, 52, 51,10,10,11,10,10,10,10,11,17,11,11.0,2.04939015319192
java.util.Arrays,Template3,60, 56, 7, 12, 108, 107, 68, 67,24,25,24,24,24,24,24,26,32,25,25.2,2.3579652245103193
java.util.Arrays,Template4,197, 196, 0, 0, 197, 196, 197, 196,324,331,331,331,338,336,333,336,345,345,335.0,6.196773353931867
java.util.Arrays,Template5,79, 68, 9, 29, 115, 114, 79, 78,42,37,37,36,35,35,37,37,38,36,37.0,1.8973665961010275
java.util.Arrays,Template6,80, 79, 3, 3, 83, 82, 83, 82,25,26,29,26,25,31,25,26,27,27,26.7,1.846618531261939
java.util.Arrays,Template7,80, 79, 3, 3, 83, 82, 83, 82,24,25,25,25,25,25,25,27,33,26,26.0,2.449489742783178
java.util.Collection,Template1,40, 38, 11, 12, 56, 55, 104, 103,20,19,19,19,19,25,19,19,19,20,19.8,1.7776388834631176
java.util.Collection,Template10,98, 97, 0, 0, 98, 97, 98, 97,33,34,34,34,35,38,33,34,35,35,34.5,1.3601470508735443
java.util.Collection,Template11,60, 58, 13, 15, 220, 219, 72, 71,74,73,77,74,78,78,73,77,78,78,76.0,2.0976176963403033
java.util.Collection,Template2,303, 299, 7, 13, 344, 343, 325, 324,1019,995,1062,992,1010,1026,1007,1039,1036,1031,1021.7,20.464847910502538
java.util.Collection,Template3,382, 381, 0, 0, 382, 381, 382, 381,2403,2506,2550,2495,2497,2512,2520,2508,2609,2551,2515.1,49.788452476452804
java.util.Collection,Template4,319, 313, 0, 10, 319, 318, 319, 318,974,1027,1046,1011,1025,1041,1030,1046,1047,1048,1029.5,21.850629281556174
java.util.Collection,Template5,264, 263, 0, 0, 264, 263, 264, 263,718,775,770,769,786,766,803,756,789,784,771.6,21.9508541975022
java.util.Collection,Template6,302, 301, 0, 0, 302, 301, 302, 301,651,677,702,716,683,685,701,687,712,710,692.4,18.81595068020747
java.util.Collection,Template8,310, 309, 0, 0, 310, 309, 310, 309,877,892,933,923,907,907,904,945,970,962,922.0,28.72977549512004
java.util.Collection,Template9,167, 160, 2, 14, 171, 170, 171, 170,243,247,234,244,239,241,248,239,248,250,243.3,4.817675788178361
java.util.Collections,Template1,422, 418, 2, 8, 425, 424, 425, 424,3108,3254,3276,3226,3270,3261,3265,3221,3357,3333,3257.1,63.91627335819884
java.util.Collections,Template10,36, 32, 5, 9, 85, 84, 45, 44,29,13,14,14,13,13,13,14,14,14,15.1,4.657252408878008
java.util.Collections,Template11,37, 36, 4, 4, 49, 48, 54, 53,5,6,5,5,5,5,5,5,5,5,5.1,0.29999999999999993
java.util.Collections,Template2,35, 34, 6, 6, 46, 45, 41, 40,4,4,4,4,4,4,4,4,4,4,4.0,0.0
java.util.Collections,Template3,222, 220, 6, 8, 283, 282, 232, 231,431,407,419,416,419,417,414,431,424,436,421.4,8.522910301065005
java.util.Collections,Template4,63, 60, 16, 20, 183, 182, 98, 97,92,78,79,80,86,90,82,80,88,81,83.6,4.737087712930804
java.util.Collections,Template5,84, 83, 1, 1, 85, 84, 85, 84,25,26,27,26,26,27,27,26,28,27,26.5,0.806225774829855
java.util.Collections,Template6,30, 29, 6, 6, 43, 42, 36, 35,5,4,4,4,4,4,4,4,4,4,4.1,0.29999999999999993
java.util.Collections,Template7,128, 115, 28, 50, 222, 221, 219, 218,287,296,305,299,302,320,306,303,315,306,303.9,8.768694315575152
java.util.Collections,Template8,269, 266, 5, 9, 271, 270, 409, 408,1084,1173,1152,1161,1166,1169,1185,1193,1193,1198,1167.4,31.347089179060948
java.util.Collections,Template9,52, 49, 19, 23, 97, 96, 140, 139,92,91,95,91,88,90,97,94,91,91,92.0,2.4899799195977463
java.util.Date,Template1,34, 31, 9, 13, 46, 45, 57, 56,8,9,7,7,7,7,7,7,8,8,7.5,0.6708203932499369
java.util.Date,Template2,59, 52, 19, 31, 102, 101, 104, 103,45,47,44,47,51,46,44,47,48,49,46.8,2.0880613017821097
java.util.HashMap,Template1,222, 219, 4, 6, 230, 229, 242, 241,559,591,615,594,590,588,591,606,616,611,596.1,16.152089648091977
java.util.HashMap,Template10,109, 108, 0, 0, 109, 108, 109, 108,61,65,66,63,63,66,68,65,65,66,64.8,1.8867962264113207
java.util.HashMap,Template11,324, 323, 0, 0, 324, 323, 324, 323,1622,1684,1684,1682,1693,1703,1695,1687,1704,1689,1684.3,22.00931620927829
java.util.HashMap,Template12,68, 64, 13, 18, 140, 139, 121, 120,101,107,115,103,106,110,102,110,112,104,107.0,4.404543109109048
java.util.HashMap,Template13,198, 197, 4, 4, 204, 203, 204, 203,258,276,279,276,274,275,274,283,293,279,276.7,8.271033792700887
java.util.HashMap,Template14,239, 238, 1, 1, 239, 238, 243, 242,483,490,479,475,488,477,483,481,500,492,484.8,7.291090453423273
java.util.HashMap,Template15,144, 143, 0, 0, 144, 143, 144, 143,109,106,116,114,109,110,116,107,112,110,110.9,3.3301651610693423
java.util.HashMap,Template16,172, 171, 0, 0, 172, 171, 172, 171,171,179,181,181,182,177,182,182,192,184,181.1,5.028916384272064
java.util.HashMap,Template17,67, 63, 19, 25, 121, 120, 108, 107,64,62,62,63,62,63,64,65,65,66,63.6,1.3564659966250536
java.util.HashMap,Template18,59, 57, 8, 10, 85, 84, 130, 129,60,62,67,63,63,63,68,62,65,75,64.8,4.093897898091744
java.util.HashMap,Template2,161, 160, 2, 2, 164, 163, 164, 163,151,151,146,153,152,149,150,166,152,158,152.8,5.268775948927796
java.util.HashMap,Template3,112, 111, 20, 20, 133, 132, 247, 246,199,210,209,205,210,212,216,210,220,219,211.0,5.9833101206606365
java.util.HashMap,Template4,374, 372, 6, 8, 435, 434, 384, 383,1569,1656,1674,1658,1652,1660,1649,1661,1678,1696,1655.3,31.75232274968242
java.util.HashMap,Template5,182, 181, 2, 2, 184, 183, 184, 183,204,206,206,208,202,208,202,204,215,217,207.2,4.853864439804639
java.util.HashMap,Template6,126, 125, 4, 4, 130, 129, 130, 129,90,89,88,92,92,96,93,88,93,98,91.9,3.1448370387032774
java.util.HashMap,Template7,304, 303, 0, 0, 304, 303, 304, 303,1127,1182,1206,1188,1198,1221,1193,1183,1196,1194,1188.8,23.26714421668461
java.util.HashMap,Template8,198, 197, 0, 0, 198, 197, 198, 197,332,334,340,336,336,347,348,341,378,356,344.8,13.098091464026353
java.util.HashMap,Template9,195, 194, 6, 6, 204, 203, 204, 203,322,332,341,339,341,343,341,333,351,351,339.4,8.296987405076615
java.util.HashSet,Template1,382, 381, 0, 0, 382, 381, 382, 381,2395,2593,2510,2509,2501,2570,2498,2513,2563,2610,2526.2,58.42396768450428
java.util.HashSet,Template2,81, 80, 0, 0, 81, 80, 81, 80,52,35,36,34,34,34,35,38,36,36,37.0,5.138093031466052
java.util.HashSet,Template3,264, 263, 0, 0, 264, 263, 264, 263,776,751,764,758,773,762,767,769,786,781,768.7,10.099999999999998
java.util.HashSet,Template4,138, 137, 0, 0, 138, 137, 138, 137,109,118,114,114,112,113,110,119,116,117,114.2,3.1559467676119
java.util.HashSet,Template5,222, 211, 8, 28, 234, 233, 228, 227,679,562,577,571,624,582,567,587,571,577,589.7,33.944218948150805
java.util.Iterator,Template1,145, 143, 19, 21, 162, 161, 208, 207,221,239,235,229,233,233,239,228,244,242,234.3,6.679071791798618
java.util.Iterator,Template2,158, 149, 4, 20, 164, 163, 162, 161,168,174,172,175,172,177,171,182,178,184,175.3,4.754997371187496
java.util.Iterator,Template3,187, 186, 0, 0, 187, 186, 187, 186,204,217,222,216,217,218,214,216,230,225,217.9,6.564297372910523
java.util.Iterator,Template4,170, 166, 3, 9, 226, 225, 179, 178,291,304,306,304,304,309,309,308,317,320,307.2,7.493997598078079
java.util.Iterator,Template5,79, 69, 26, 43, 251, 250, 141, 140,178,187,184,183,183,182,184,192,191,194,185.8,4.812483766206386
java.util.Iterator,Template6,82, 80, 12, 14, 95, 94, 134, 133,54,56,55,56,56,59,57,53,57,57,56.0,1.61245154965971
java.util.Iterator,Template7,83, 79, 6, 9, 95, 94, 108, 107,42,41,43,44,42,42,44,41,51,45,43.5,2.80178514522438
java.util.Map,Template1,440, 439, 0, 0, 440, 439, 440, 439,2302,2522,2460,2469,2460,2476,2468,2440,2519,2515,2463.1,60.01574793335496
java.util.Map,Template10,246, 245, 0, 0, 246, 245, 246, 245,504,508,519,515,513,527,518,515,527,534,518.0,8.706319543871567
java.util.Map,Template11,196, 195, 0, 0, 196, 195, 196, 195,283,264,262,265,266,263,263,275,278,285,270.4,8.487638069569178
java.util.Map,Template12,43, 35, 17, 30, 203, 202, 105, 104,511,140,142,141,138,137,132,147,140,137,176.5,111.56096987746207
java.util.Map,Template13,126, 125, 4, 4, 130, 129, 130, 129,92,96,90,89,94,94,96,94,98,94,93.7,2.6095976701399777
java.util.Map,Template14,71, 69, 14, 16, 116, 115, 125, 124,78,65,65,61,65,61,61,61,65,67,64.9,4.867237409455182
java.util.Map,Template15,112, 111, 20, 20, 133, 132, 247, 246,201,210,209,223,270,206,208,216,215,218,217.6,18.488915598271305
java.util.Map,Template16,71, 70, 5, 5, 76, 75, 76, 75,17,16,16,16,18,16,16,17,17,17,16.6,0.66332495807108
java.util.Map,Template17,337, 336, 0, 0, 337, 336, 337, 336,921,969,980,973,968,972,988,992,998,997,975.8,21.22168702059287
java.util.Map,Template18,239, 238, 1, 1, 239, 238, 243, 242,451,486,484,479,475,491,486,500,501,500,485.3,14.269197594819408
java.util.Map,Template19,265, 259, 0, 10, 265, 264, 265, 264,1023,884,875,884,881,886,881,889,959,899,906.1,45.182850729010006
java.util.Map,Template2,55, 48, 16, 28, 109, 108, 89, 88,50,44,51,44,49,44,47,44,62,45,48.0,5.329165037789691
java.util.Map,Template20,42, 35, 15, 27, 97, 96, 89, 88,32,30,30,30,29,31,31,30,31,39,31.3,2.6851443164195103
java.util.Map,Template21,67, 63, 19, 25, 121, 120, 108, 107,63,63,66,62,63,63,63,72,67,67,64.9,2.947880594596735
java.util.Map,Template3,172, 171, 0, 0, 172, 171, 172, 171,176,181,177,181,175,184,178,182,190,214,183.8,10.897706180660222
java.util.Map,Template4,222, 220, 6, 8, 232, 231, 283, 282,403,430,418,414,411,417,423,430,434,437,421.7,10.412012293500235
java.util.Map,Template5,121, 119, 1, 3, 121, 120, 130, 129,85,89,95,91,93,93,90,94,95,94,91.9,3.014962686336268
java.util.Map,Template6,348, 338, 3, 21, 353, 352, 353, 352,1490,1593,1604,1568,1639,1619,1589,1616,1602,1598,1591.8,38.4494473302283
java.util.Map,Template7,222, 219, 4, 6, 230, 229, 242, 241,568,596,623,607,604,642,594,600,627,607,606.8,19.36388390793541
java.util.Map,Template8,263, 262, 0, 0, 263, 262, 263, 262,527,526,527,531,530,535,521,530,559,552,533.8,11.496086290559932
java.util.Map,Template9,198, 197, 0, 0, 198, 197, 198, 197,337,329,345,339,341,341,340,342,359,355,342.8,8.182909018191515
java.util.Properties,Template1,531, 530, 6, 6, 537, 536, 537, 536,7560,8208,8181,8215,8222,8356,8240,8226,8147,8140,8149.5,204.51222457349584
java.util.Properties,Template2,61, 60, 0, 0, 61, 60, 61, 60,11,11,11,12,12,12,12,13,12,12,11.8,0.6
java.util.Properties,Template3,381, 370, 10, 30, 399, 398, 395, 394,1681,1777,1777,1758,1757,1782,1792,1824,1785,1787,1772.0,35.14256678161116
java.util.Properties,Template4,155, 154, 1, 1, 156, 155, 156, 155,131,145,143,136,135,136,141,135,144,139,138.5,4.387482193696061
java.util.Properties,Template5,61, 54, 18, 27, 189, 188, 142, 141,134,144,140,146,144,141,143,141,144,145,142.2,3.2802438933713445
java.util.Properties,Template6,287, 286, 2, 2, 289, 288, 389, 388,963,1013,1026,1098,1014,1024,1012,1025,1045,1051,1027.1,32.62039239494215
java.util.Properties,Template7,275, 271, 2, 8, 278, 277, 278, 277,863,894,925,910,899,913,903,899,941,953,910.0,24.08318915758459
java.util.Properties,Template8,358, 357, 4, 4, 416, 415, 360, 359,6654,7172,7233,7137,7114,7248,7304,7270,7106,7022,7126.0,177.52013970251375
java.util.Properties,Template9,471, 464, 13, 23, 502, 501, 518, 517,6214,6460,6482,6572,6447,6448,6424,6444,6643,6515,6464.9,105.68013058281107
java.util.Set,Template1,38, 37, 9, 9, 84, 83, 102, 101,34,38,34,33,34,33,33,36,36,34,34.5,1.5652475842498528
java.util.Set,Template2,170, 166, 11, 17, 179, 178, 267, 266,278,286,292,289,296,292,297,292,301,308,293.1,7.790378681424927
java.util.Set,Template3,78, 74, 15, 20, 112, 111, 138, 137,84,91,93,93,93,93,88,100,91,91,91.7,3.8742741255621036
javax.jms.JMSException,Template1,100, 99, 1, 1, 100, 99, 101, 100,40,39,39,39,41,39,39,40,41,41,39.8,0.8717797887081347
javax.jms.JMSException,Template2,120, 112, 3, 14, 141, 140, 143, 142,99,105,104,102,104,106,104,110,110,105,104.9,3.1448370387032774
javax.jms.JMSException,Template3,246, 245, 2, 2, 268, 267, 246, 245,396,412,418,424,419,419,422,429,434,446,421.9,12.581335382223939
javax.jms.JMSException,Template4,72, 71, 4, 4, 74, 73, 100, 99,27,27,32,27,27,27,28,29,29,30,28.3,1.6155494421403511
javax.jms.MessageConsumer,Template1,281, 274, 16, 28, 376, 375, 318, 317,1509,1592,1584,1605,1588,1591,1588,1611,1638,1625,1593.1,32.72445568684069
javax.jms.MessageConsumer,Template10,339, 336, 3, 7, 339, 338, 384, 383,1292,1362,1355,1366,1407,1377,1364,1382,1410,1432,1374.7,36.345701258883416
javax.jms.MessageConsumer,Template11,428, 427, 0, 0, 428, 427, 428, 427,2164,2255,2298,2307,2271,2273,2301,2329,2318,2363,2287.9,50.808365452944855
javax.jms.MessageConsumer,Template12,192, 191, 1, 1, 192, 191, 216, 215,271,281,282,281,282,287,285,292,295,293,284.9,6.8036754772696195
javax.jms.MessageConsumer,Template13,423, 412, 15, 35, 455, 454, 458, 457,3697,3759,3822,3764,3771,3717,3801,3787,3773,3753,3764.4,34.977707186149296
javax.jms.MessageConsumer,Template2,388, 387, 8, 8, 400, 399, 440, 439,1790,1867,1857,1863,1851,1886,1859,1878,1882,1867,1860.0,25.65540878645281
javax.jms.MessageConsumer,Template3,500, 484, 13, 38, 547, 546, 606, 605,7160,7597,7718,7698,7618,7532,7693,7745,7630,7579,7597.0,159.0628806478746
javax.jms.MessageConsumer,Template5,444, 441, 15, 19, 525, 524, 560, 559,8565,8582,8654,8539,8523,8564,8631,8652,8398,8506,8561.4,73.3596619403334
javax.jms.MessageConsumer,Template6,330, 329, 0, 0, 330, 329, 330, 329,1128,1188,1239,1209,1201,1212,1213,1234,1238,1238,1210.0,32.074912314767126
javax.jms.MessageConsumer,Template8,379, 378, 4, 4, 404, 403, 382, 381,1520,1613,1601,1638,1618,1654,1640,1612,1640,1660,1619.6,37.88984032692669
javax.jms.MessageConsumer,Template9,291, 290, 1, 1, 312, 311, 291, 290,810,823,852,835,832,851,846,843,863,871,842.6,17.35050431543706
javax.jms.MessageProducer,Template1,198, 197, 1, 1, 198, 197, 232, 231,278,297,313,291,285,290,292,288,302,301,293.7,9.402659198333204
javax.jms.MessageProducer,Template2,481, 480, 0, 0, 481, 480, 481, 480,4425,4817,4838,4728,4733,4832,4764,4811,4826,4834,4760.8,118.71714282276169
javax.jms.MessageProducer,Template3,225, 224, 0, 0, 225, 224, 225, 224,775,330,337,338,336,331,336,335,349,351,381.8,131.2271313410455
javax.jms.MessageProducer,Template4,398, 397, 4, 4, 440, 439, 400, 399,2035,2107,2120,2132,2095,2104,2149,2155,2143,2149,2118.9,34.41351478707166
javax.jms.TextMessage,Template1,160, 155, 7, 15, 172, 171, 229, 228,285,297,306,316,303,305,301,313,315,314,305.5,9.211405973031479
javax.jms.TextMessage,Template2,493, 491, 6, 7, 505, 504, 507, 506,4448,4496,4511,4522,4483,4518,4551,4539,4515,4461,4504.4,31.003870726088383
javax.jms.TextMessage,Template3,214, 213, 0, 0, 214, 213, 214, 213,273,286,287,305,281,282,286,299,297,297,289.3,9.349331526906083
javax.jms.TextMessage,Template4,192, 191, 1, 1, 192, 191, 216, 215,281,280,341,304,281,310,283,286,300,358,302.4,25.904439773907484
javax.jms.TextMessage,Template5,106, 104, 7, 9, 111, 110, 141, 140,71,71,71,69,68,73,69,73,74,74,71.3,2.051828452868319
javax.jms.TextMessage,Template6,179, 178, 3, 3, 208, 207, 182, 181,220,229,228,227,228,228,227,234,241,237,229.9,5.629387178015028
javax.naming.Context,Template1,335, 331, 3, 9, 335, 334, 384, 383,1122,1170,1170,1151,1254,1185,1181,1206,1204,1202,1184.5,33.82380818299441
javax.naming.Context,Template2,277, 276, 1, 1, 277, 276, 292, 291,641,631,647,638,641,641,650,636,667,652,644.4,9.656086163658648
javax.ws.rs.core.MediaType,Template1,189, 187, 5, 7, 194, 193, 239, 238,350,338,330,340,336,334,340,337,346,343,339.4,5.535341001239218
javax.ws.rs.core.MediaType,Template10,50, 49, 4, 4, 55, 54, 55, 54,16,9,9,9,9,9,9,10,9,9,9.8,2.0880613017821097
javax.ws.rs.core.MediaType,Template2,56, 48, 9, 22, 69, 68, 82, 81,23,22,22,24,23,21,21,21,23,22,22.2,0.9797958971132712
javax.ws.rs.core.MediaType,Template3,234, 233, 1, 1, 235, 234, 235, 234,480,495,492,493,495,488,524,492,503,571,503.3,25.07608422381772
javax.ws.rs.core.MediaType,Template4,157, 156, 0, 0, 157, 156, 157, 156,196,154,149,154,148,150,153,152,156,153,156.5,13.37348122217996
javax.ws.rs.core.MediaType,Template5,143, 142, 0, 0, 143, 142, 143, 142,100,111,107,106,104,104,110,105,112,115,107.4,4.294182110716778
javax.ws.rs.core.MediaType,Template6,189, 187, 5, 7, 194, 193, 239, 238,310,342,337,329,332,344,333,357,348,346,337.8,12.262136844775464
javax.ws.rs.core.MediaType,Template7,74, 73, 2, 2, 77, 76, 77, 76,19,19,19,19,19,19,19,20,20,20,19.3,0.45825756949558394
javax.ws.rs.core.MediaType,Template8,75, 74, 5, 5, 84, 83, 84, 83,30,31,31,31,31,31,32,30,33,34,31.4,1.2
javax.ws.rs.core.MediaType,Template9,49, 48, 5, 5, 57, 56, 62, 61,11,10,10,10,10,10,11,11,11,11,10.5,0.5
javax.ws.rs.core.Response,Template1,631, 622, 0, 16, 631, 630, 631, 630,18922,19912,19981,20000,19897,19821,19704,19405,19494,19342,19647.8,332.11919547054185
javax.ws.rs.core.Response,Template10,85, 84, 3, 3, 144, 143, 85, 84,49,53,52,54,54,54,51,54,53,59,53.3,2.451530134426253
javax.ws.rs.core.Response,Template11,183, 182, 3, 3, 186, 185, 186, 185,207,214,212,212,219,215,222,215,220,223,215.9,4.784349485562274
javax.ws.rs.core.Response,Template2,158, 153, 12, 20, 186, 185, 195, 194,255,269,274,263,266,274,271,268,280,278,269.8,7.011419257183242
javax.ws.rs.core.Response,Template3,188, 187, 7, 7, 195, 194, 195, 194,243,244,248,242,246,245,246,243,256,256,246.9,4.846648326421054
javax.ws.rs.core.Response,Template4,398, 397, 0, 0, 398, 397, 398, 397,2838,2871,2835,2818,2793,2865,2871,2777,2796,2785,2824.9,34.523759934282936
javax.ws.rs.core.Response,Template5,98, 94, 8, 13, 122, 121, 113, 112,49,50,53,50,56,50,49,52,56,52,51.7,2.491987158875422
javax.ws.rs.core.Response,Template6,104, 100, 11, 17, 116, 115, 233, 232,104,104,107,109,105,111,106,108,114,113,108.1,3.419064199455751
javax.ws.rs.core.Response,Template7,174, 173, 1, 1, 174, 173, 214, 213,313,333,338,337,356,337,333,368,340,340,339.5,13.734991809244008
javax.ws.rs.core.Response,Template8,178, 177, 3, 3, 180, 179, 193, 192,217,226,230,221,226,228,224,266,233,235,230.6,12.839003076563225
javax.ws.rs.core.Response,Template9,183, 181, 4, 6, 186, 185, 197, 196,179,181,205,186,179,178,181,181,191,192,185.3,8.0876448982383
javax.ws.rs.core.UriBuilder,Template1,117, 116, 5, 5, 122, 121, 122, 121,74,74,74,73,75,80,75,75,83,75,75.8,2.9933259094191533
javax.ws.rs.core.UriBuilder,Template2,439, 434, 2, 10, 440, 439, 440, 439,2135,2174,2154,2176,2134,2140,2165,2161,2195,2192,2162.6,20.967594044143453
javax.ws.rs.core.UriBuilder,Template3,392, 385, 0, 12, 392, 391, 392, 391,1988,2088,2087,2061,2104,2112,2103,2120,2130,2136,2092.9,40.79080778802989
junit.framework.Assert,Template1,87, 85, 2, 3, 89, 88, 89, 88,34,35,35,37,35,35,35,35,38,37,35.6,1.2
junit.framework.Assert,Template10,98, 91, 10, 21, 128, 127, 113, 112,74,76,76,70,71,80,74,72,74,74,74.1,2.7000000000000006
junit.framework.Assert,Template11,68, 67, 1, 1, 68, 67, 81, 80,20,16,17,16,16,16,16,16,17,18,16.8,1.2489995996796794
junit.framework.Assert,Template12,99, 91, 3, 10, 109, 108, 120, 119,56,53,55,55,56,56,56,59,58,56,56.0,1.5491933384829668
junit.framework.Assert,Template13,71, 67, 6, 12, 83, 82, 75, 74,23,23,22,22,22,22,23,22,23,24,22.6,0.66332495807108
junit.framework.Assert,Template2,98, 97, 3, 3, 102, 101, 106, 105,52,47,53,49,47,49,48,59,50,50,50.4,3.411744421846396
junit.framework.Assert,Template3,223, 216, 8, 20, 262, 261, 244, 243,484,509,497,496,512,526,502,517,527,523,509.3,13.667845477616433
junit.framework.Assert,Template4,63, 61, 2, 4, 64, 63, 85, 84,20,19,19,19,19,19,19,20,20,20,19.4,0.4898979485566356
junit.framework.Assert,Template5,123, 118, 3, 11, 167, 166, 124, 123,93,103,97,102,102,108,99,97,107,101,100.9,4.369210454990695
junit.framework.Assert,Template6,62, 58, 15, 21, 94, 93, 181, 180,95,98,102,97,108,105,102,99,110,109,102.5,5.044799302251775
junit.framework.Assert,Template7,122, 120, 5, 7, 158, 157, 125, 124,118,122,117,116,113,116,117,119,126,122,118.6,3.583294573433783
junit.framework.Assert,Template8,54, 49, 16, 24, 95, 94, 179, 178,90,91,86,90,89,94,90,86,91,97,90.4,3.1368774282716245
junit.framework.Assert,Template9,61, 59, 1, 2, 65, 64, 67, 66,16,13,12,12,12,15,12,12,14,13,13.1,1.3747727084867523
org.andengine.engine.camera.Camera,Template1,82, 72, 5, 23, 87, 86, 103, 102,37,41,42,42,40,41,39,39,41,41,40.3,1.4866068747318508
org.apache.catalina.connector.Response,Template1,98, 94, 8, 13, 122, 121, 113, 112,49,50,50,52,52,51,52,51,55,53,51.5,1.6278820596099706
org.apache.catalina.connector.Response,Template2,178, 177, 3, 3, 180, 179, 193, 192,214,222,222,223,224,226,224,221,234,236,224.6,6.019966777316964
org.apache.catalina.connector.Response,Template3,85, 84, 3, 3, 144, 143, 85, 84,52,56,67,52,53,52,52,60,54,54,55.2,4.6
org.apache.catalina.connector.Response,Template4,79, 72, 22, 34, 151, 150, 164, 163,148,127,124,120,127,123,124,124,124,123,126.4,7.445804187594514
org.apache.catalina.connector.Response,Template5,183, 181, 4, 6, 186, 185, 197, 196,178,183,177,184,179,187,181,190,187,193,183.9,5.048762224545735
org.apache.hadoop.fs.FileSystem,Template1,105, 98, 9, 21, 118, 117, 139, 138,81,87,89,84,91,87,88,89,91,89,87.6,2.9393876913398143
org.apache.hadoop.fs.FileSystem,Template2,628, 612, 6, 36, 639, 638, 639, 638,12695,13411,13444,13195,13209,13492,13460,13287,13455,13235,13288.3,225.36683429466723
org.apache.hadoop.fs.Path,Template1,118, 117, 0, 0, 118, 117, 118, 117,64,67,68,71,67,69,66,66,69,73,68.0,2.4899799195977463
org.apache.hadoop.fs.Path,Template2,158, 148, 7, 25, 186, 185, 210, 209,277,283,288,278,283,283,285,286,286,289,283.8,3.709447398198281
org.apache.hadoop.fs.Path,Template3,177, 161, 4, 34, 183, 182, 210, 209,268,269,266,264,269,270,263,273,272,274,268.8,3.4871191548325386
org.apache.hadoop.fs.Path,Template4,83, 82, 0, 0, 83, 82, 83, 82,23,23,24,25,23,23,23,23,25,26,23.8,1.077032961426901
org.apache.hadoop.fs.Path,Template5,226, 215, 9, 29, 288, 287, 319, 318,1206,1164,1178,1166,1169,1189,1166,1164,1191,1187,1178.0,13.841965178398622
org.apache.hadoop.fs.Path,Template6,131, 124, 4, 16, 167, 166, 156, 155,161,166,166,173,165,163,166,166,173,182,168.1,5.8728187440104085
org.apache.hadoop.fs.Path,Template7,266, 265, 0, 0, 266, 265, 266, 265,494,513,513,495,492,493,505,504,520,526,505.5,11.517378173872732
org.apache.hadoop.io.Text,Template1,392, 384, 0, 14, 392, 391, 392, 391,1919,1872,1856,1855,1845,1879,1840,1844,1916,1906,1873.2,29.013100489261742
org.apache.hadoop.io.Text,Template10,224, 223, 0, 0, 224, 223, 224, 223,332,325,322,320,315,320,315,323,355,336,326.3,11.47214016650773
org.apache.hadoop.io.Text,Template2,382, 381, 0, 0, 382, 381, 382, 381,2487,2510,2496,2517,2534,2528,2511,2496,2563,2548,2519.0,23.052114870440846
org.apache.hadoop.io.Text,Template4,423, 422, 0, 0, 423, 422, 423, 422,3656,3845,3882,3850,3870,3868,3893,3959,3938,3836,3859.7,77.54875885531631
org.apache.hadoop.io.Text,Template5,246, 239, 14, 26, 267, 266, 271, 270,901,937,950,941,939,949,928,945,981,980,945.1,22.1424930845648
org.apache.hadoop.io.Text,Template6,301, 300, 0, 0, 301, 300, 301, 300,876,897,877,894,892,886,886,882,918,915,892.3,13.733535597216033
org.apache.hadoop.io.Text,Template7,123, 122, 0, 0, 123, 122, 123, 122,63,65,62,62,67,70,65,65,69,67,65.5,2.6172504656604803
org.apache.hadoop.io.Text,Template8,319, 313, 0, 10, 319, 318, 319, 318,965,1013,1019,1027,1007,1020,1037,1031,1067,1046,1023.2,25.4668411861385
org.apache.hadoop.io.Text,Template9,166, 165, 0, 0, 166, 165, 166, 165,148,147,144,162,146,142,146,147,151,154,148.7,5.45985347788748
org.apache.mahout.math.DenseVector,Template1,237, 236, 2, 2, 278, 277, 239, 238,477,509,503,495,497,496,502,503,522,517,502.1,11.878131166138887
org.apache.mahout.math.DenseVector,Template2,204, 203, 2, 2, 226, 225, 217, 216,333,371,358,356,365,362,361,369,377,371,362.3,11.567627241573788
org.apache.mahout.math.DenseVector,Template3,237, 236, 2, 2, 239, 238, 239, 238,471,427,420,474,436,440,462,425,456,441,445.2,18.432579851990333
org.apache.mahout.math.DenseVector,Template4,303, 296, 7, 19, 325, 324, 344, 343,1073,1050,1075,1118,1059,1060,1071,1059,1092,1085,1074.2,19.00947132352712
org.restlet.Server,Template1,214, 213, 1, 1, 278, 277, 214, 213,439,464,470,463,475,464,465,475,475,473,466.3,10.266937225872184
org.restlet.Server,Template2,89, 88, 0, 0, 89, 88, 89, 88,28,29,31,29,29,29,29,32,31,31,29.8,1.2489995996796797
org.restlet.data.Form,Template1,172, 171, 0, 0, 172, 171, 172, 171,154,164,164,163,162,160,159,175,162,169,163.2,5.381449618829484
org.restlet.data.Form,Template2,102, 101, 0, 0, 102, 101, 102, 101,44,45,44,44,45,45,44,43,48,46,44.8,1.32664991614216
org.restlet.data.Form,Template3,246, 245, 0, 0, 246, 245, 246, 245,440,469,463,466,463,467,462,484,485,485,468.4,13.070577645995606
org.restlet.data.MediaType,Template1,74, 73, 4, 4, 82, 81, 82, 81,27,30,29,28,29,35,28,29,31,38,30.4,3.2924155266308657
org.restlet.data.MediaType,Template2,290, 289, 1, 1, 290, 289, 299, 298,915,957,958,953,1009,968,981,966,983,976,966.6,23.191377708105225
org.restlet.data.MediaType,Template3,157, 156, 0, 0, 157, 156, 157, 156,142,151,153,150,152,153,157,156,155,152,152.1,3.961060464067672
org.restlet.data.MediaType,Template4,143, 142, 0, 0, 143, 142, 143, 142,104,109,111,108,105,109,114,111,108,110,108.9,2.77308492477241
org.restlet.data.Protocol,Template1,108, 105, 4, 6, 115, 114, 115, 114,57,54,55,54,55,64,60,56,57,58,57.0,2.932575659723036
org.restlet.data.Protocol,Template2,133, 130, 2, 6, 146, 145, 136, 135,93,96,98,100,97,108,96,99,104,101,99.2,4.1182520563948
org.restlet.data.Protocol,Template3,89, 88, 0, 0, 89, 88, 89, 88,46,31,29,29,32,29,29,32,31,31,31.9,4.846648326421054
org.restlet.data.Protocol,Template4,114, 113, 0, 0, 114, 113, 114, 113,53,52,54,53,55,56,60,54,57,58,55.2,2.4
org.restlet.data.Protocol,Template5,138, 137, 0, 0, 138, 137, 138, 137,89,93,92,92,92,92,91,102,96,99,93.8,3.789459064299283
org.restlet.data.Protocol,Template6,74, 72, 3, 5, 76, 75, 80, 79,32,37,31,31,31,33,33,31,34,33,32.6,1.8000000000000003
org.restlet.data.Status,Template1,172, 171, 0, 0, 172, 171, 172, 171,153,162,158,162,158,163,157,155,167,170,160.5,5.044799302251775
org.restlet.data.Status,Template2,122, 121, 0, 0, 122, 121, 122, 121,61,64,67,63,61,61,63,61,69,73,64.3,3.9000000000000004
org.restlet.data.Status,Template3,289, 282, 0, 12, 289, 288, 289, 288,701,716,720,722,713,708,711,715,731,751,718.8,13.219682295728592
org.restlet.data.Status,Template4,44, 39, 10, 18, 78, 77, 81, 80,27,28,29,27,27,27,27,28,28,29,27.7,0.7810249675906655
org.restlet.data.Status,Template5,143, 142, 0, 0, 143, 142, 143, 142,100,108,105,111,110,107,110,110,110,117,108.8,4.166533331199933
org.restlet.representation.Representation,Template1,143, 142, 0, 0, 143, 142, 143, 142,111,110,111,106,109,106,106,115,114,109,109.7,3.034798181098704
org.restlet.representation.Representation,Template2,39, 33, 12, 21, 68, 67, 81, 80,26,24,24,24,26,24,26,25,26,25,25.0,0.8944271909999159
org.restlet.representation.Representation,Template3,289, 282, 0, 12, 289, 288, 289, 288,699,723,736,708,713,710,723,723,724,747,720.6,13.26046756340062
org.restlet.representation.Representation,Template4,201, 200, 0, 0, 201, 200, 201, 200,221,227,242,236,234,235,235,241,246,241,235.8,7.054076835419361
org.restlet.resource.ClientResource,Template1,73, 72, 2, 2, 75, 74, 75, 74,31,16,16,15,16,16,15,16,16,17,17.4,4.565084884205332
org.restlet.resource.ClientResource,Template2,239, 238, 1, 1, 243, 242, 239, 238,507,481,492,489,489,492,493,483,505,497,492.8,7.95989949685296
org.restlet.resource.ClientResource,Template3,81, 80, 0, 0, 81, 80, 81, 80,28,26,25,26,26,25,25,25,27,28,26.1,1.1357816691600546
org.restlet.resource.ClientResource,Template4,124, 123, 1, 1, 124, 123, 148, 147,88,87,86,88,85,86,85,87,98,92,88.2,3.789459064299283
org.restlet.resource.ClientResource,Template5,85, 79, 8, 16, 110, 109, 174, 173,116,117,119,121,119,121,118,118,126,118,119.3,2.685144316419511
org.restlet.resource.ClientResource,Template6,188, 186, 5, 7, 194, 193, 194, 193,273,286,283,284,314,289,287,291,293,296,289.6,10.101485039339513
org.restlet.resource.ClientResource,Template7,143, 142, 0, 0, 143, 142, 143, 142,100,111,108,109,104,106,111,112,110,117,108.8,4.445222154178574
org.restlet.resource.ClientResource,Template8,106, 92, 7, 31, 147, 146, 152, 151,148,151,156,153,151,155,171,147,160,156,154.8,6.569627082262737
org.restlet.resource.ClientResource,Template9,53, 50, 11, 14, 91, 90, 105, 104,34,37,35,35,36,34,35,35,41,36,35.8,1.9390719429665317
org.springframework.http.HttpMethod,Template1,70, 69, 3, 3, 75, 74, 93, 92,22,23,22,22,24,22,22,27,23,23,23.0,1.4832396974191326
org.springframework.http.HttpMethod,Template2,127, 126, 4, 4, 134, 133, 155, 154,126,121,123,121,117,124,125,123,126,132,123.8,3.762977544445356
org.springframework.http.HttpMethod,Template3,127, 126, 3, 3, 151, 150, 133, 132,107,114,111,115,109,112,113,120,122,115,113.8,4.354308211415448
org.springframework.http.HttpMethod,Template4,48, 47, 3, 3, 52, 51, 70, 69,12,12,11,13,11,11,12,11,12,12,11.7,0.6403124237432849
org.springframework.http.HttpMethod,Template5,123, 122, 3, 3, 128, 127, 139, 138,109,107,106,108,113,114,107,108,112,117,110.1,3.477067730142742
org.springframework.http.MediaType,Template1,46, 41, 18, 26, 130, 129, 79, 78,57,45,51,45,45,45,45,46,52,47,47.8,3.944616584663204
org.springframework.http.MediaType,Template2,41, 40, 4, 4, 52, 51, 45, 44,7,7,7,7,7,7,7,7,7,7,7.0,0.0
org.springframework.http.MediaType,Template3,24, 21, 5, 8, 67, 66, 52, 51,9,9,9,9,10,9,9,9,9,9,9.1,0.3
org.springframework.util.Assert,Template1,97, 90, 9, 20, 111, 110, 126, 125,63,68,69,67,68,71,68,74,75,73,69.6,3.4698703145794942
org.springframework.util.Assert,Template2,62, 56, 14, 21, 158, 157, 106, 105,70,75,77,81,78,82,74,75,79,78,76.9,3.3600595232822887
org.springframework.util.Assert,Template3,123, 118, 3, 11, 167, 166, 124, 123,187,101,98,105,99,98,100,103,104,102,109.7,25.86909352876517
org.springframework.util.Assert,Template4,68, 62, 18, 27, 122, 121, 125, 124,73,76,77,81,77,78,79,79,85,79,78.4,3.0066592756745814
org.springframework.util.Assert,Template5,63, 61, 4, 6, 67, 66, 67, 66,14,13,13,12,12,12,12,12,14,13,12.7,0.7810249675906655
org.springframework.util.Assert,Template6,157, 152, 8, 16, 201, 200, 180, 179,222,220,217,226,225,222,219,230,233,237,225.1,6.139218191268331
org.w3c.dom.Document,Template1,241, 240, 0, 0, 241, 240, 241, 240,394,428,414,417,416,431,418,426,435,454,423.3,14.946906034360422
org.w3c.dom.Document,Template2,272, 271, 0, 0, 272, 271, 272, 271,760,769,759,777,766,773,761,778,785,789,771.7,9.990495483208027
org.w3c.dom.Document,Template3,241, 240, 0, 0, 241, 240, 241, 240,393,430,419,419,426,422,422,418,434,435,421.8,11.258774356030056
org.w3c.dom.Document,Template4,321, 318, 9, 13, 333, 332, 413, 412,3435,3073,3099,3081,3094,3052,3068,3097,3050,3043,3109.2,110.26858120063031
twitter4j.Status,Template1,261, 259, 1, 3, 262, 261, 262, 261,532,568,555,565,561,555,566,559,577,566,560.4,11.33313725320575
twitter4j.Status,Template2,296, 292, 4, 10, 337, 336, 308, 307,1125,1180,1189,1174,1185,1200,1192,1225,1215,1232,1191.7,28.802951237677014
twitter4j.Twitter,Template1,143, 141, 3, 5, 268, 267, 150, 149,234,245,266,246,242,247,244,245,252,255,247.6,8.114185110040317
twitter4j.Twitter,Template10,383, 382, 0, 0, 383, 382, 383, 382,2411,2391,2400,2420,2416,2390,2410,2397,2422,2438,2409.5,14.465476141489432
twitter4j.Twitter,Template11,253, 245, 13, 27, 269, 268, 275, 274,742,734,740,751,756,762,761,753,778,763,754.0,12.345039489608771
twitter4j.Twitter,Template12,415, 403, 1, 23, 416, 415, 416, 415,3305,3321,3288,3331,3326,3338,3341,3332,3361,3331,3327.4,18.89550211029069
twitter4j.Twitter,Template13,247, 244, 13, 17, 275, 274, 337, 336,729,734,748,745,728,735,724,779,737,745,740.4,14.914422550001726
twitter4j.Twitter,Template14,260, 259, 0, 0, 260, 259, 260, 259,474,515,499,506,496,502,496,562,510,515,507.5,21.40210270043577
twitter4j.Twitter,Template15,399, 393, 0, 10, 399, 398, 399, 398,2552,2756,2715,2684,2733,2723,2798,2776,2750,2762,2724.9,65.31684315702957
twitter4j.Twitter,Template16,218, 214, 21, 27, 238, 237, 330, 329,827,769,774,764,810,832,764,833,797,780,795.0,27.073972741361768
twitter4j.Twitter,Template17,146, 142, 2, 5, 150, 149, 157, 156,120,115,123,119,115,118,116,118,128,125,119.7,4.148493702538308
twitter4j.Twitter,Template18,367, 362, 7, 15, 375, 374, 383, 382,2467,2291,2343,2321,2301,2303,2333,2333,2355,2303,2335.0,48.199585060454616
twitter4j.Twitter,Template19,211, 198, 16, 40, 269, 268, 249, 248,573,620,616,618,620,618,611,628,640,644,618.8,18.27457249841976
twitter4j.Twitter,Template2,260, 259, 2, 2, 262, 261, 262, 261,507,505,515,516,518,518,508,513,527,523,515.0,6.663332499583072
twitter4j.Twitter,Template20,222, 220, 5, 6, 246, 245, 231, 230,538,506,520,527,521,530,522,534,534,535,526.7,9.176600677810926
twitter4j.Twitter,Template3,417, 411, 13, 23, 439, 438, 534, 533,4045,4062,4051,4089,4077,4080,4086,4070,4057,4055,4067.2,14.6
twitter4j.Twitter,Template4,227, 226, 5, 5, 233, 232, 246, 245,508,547,529,541,531,544,548,538,551,551,538.8,12.599999999999998
twitter4j.Twitter,Template5,285, 284, 7, 7, 297, 296, 346, 345,859,876,873,877,876,891,887,893,906,887,882.5,12.379418403139947
twitter4j.Twitter,Template6,305, 304, 2, 2, 307, 306, 307, 306,744,780,759,757,775,777,772,790,788,803,774.5,16.596686416269964
twitter4j.Twitter,Template7,308, 307, 1, 1, 310, 309, 310, 309,995,1056,1041,1061,1048,1082,1034,1068,1096,1081,1056.2,27.501999927278014
twitter4j.Twitter,Template8,272, 266, 13, 23, 299, 298, 284, 283,984,988,981,960,966,994,969,988,993,997,982.0,12.149074038789951
twitter4j.Twitter,Template9,296, 294, 8, 10, 320, 319, 360, 359,1155,1298,1216,1198,1211,1218,1228,1232,1256,1233,1224.5,35.16319098147948
twitter4j.TwitterException,Template1,306, 301, 7, 15, 349, 348, 311, 310,1342,1413,1388,1419,1440,1435,1404,1424,1469,1439,1417.3,32.77819397099236
twitter4j.TwitterException,Template10,208, 199, 20, 35, 262, 261, 238, 237,412,424,443,424,430,435,436,433,440,443,432.0,9.2951600308978
twitter4j.TwitterException,Template11,272, 266, 13, 23, 284, 283, 299, 298,910,908,923,902,915,904,929,917,950,928,918.6,13.756453031214114
twitter4j.TwitterException,Template12,221, 213, 16, 28, 275, 274, 307, 306,722,730,725,733,719,720,757,732,739,737,731.4,10.781465577554846
twitter4j.TwitterException,Template13,174, 171, 11, 15, 262, 261, 260, 259,551,588,591,592,586,581,602,603,597,592,588.3,14.014635207525023
twitter4j.TwitterException,Template14,235, 223, 16, 38, 273, 272, 306, 305,1002,984,966,987,968,969,975,989,1019,1005,986.4,16.889049706836676
twitter4j.TwitterException,Template15,360, 359, 0, 0, 360, 359, 360, 359,1399,1454,1480,1474,1464,1503,1468,1495,1527,1515,1477.9,34.37571817431601
twitter4j.TwitterException,Template2,142, 137, 6, 13, 300, 299, 150, 149,380,371,369,358,362,359,361,359,376,377,367.2,7.997499609252881
twitter4j.TwitterException,Template3,229, 216, 8, 32, 246, 245, 249, 248,629,610,612,612,631,616,625,619,666,659,627.9,18.66788686488109
twitter4j.TwitterException,Template4,251, 242, 16, 32, 275, 274, 284, 283,753,801,801,811,808,824,808,835,840,828,810.9,23.360008561642267
twitter4j.TwitterException,Template5,237, 234, 5, 9, 250, 249, 264, 263,632,653,701,651,647,661,651,672,681,678,662.7,19.188798815975954
twitter4j.TwitterException,Template6,142, 140, 4, 6, 150, 149, 184, 183,154,147,155,153,150,152,154,148,157,163,153.3,4.382921400162225
twitter4j.TwitterException,Template7,210, 192, 20, 54, 262, 261, 320, 319,897,901,919,904,892,911,904,899,926,923,907.6,11.029052543169788
twitter4j.TwitterException,Template8,415, 403, 1, 23, 416, 415, 416, 415,3152,3348,3336,3325,3342,3373,3300,3312,3374,3385,3324.7,63.21874721947596
twitter4j.TwitterException,Template9,247, 227, 12, 49, 310, 309, 297, 296,936,1016,974,981,978,991,983,1005,1037,1012,991.3,26.503018695990086
twitter4j.User,Template1,260, 258, 2, 4, 262, 261, 262, 261,520,542,554,554,546,565,551,550,558,559,549.9,11.759676866308869
twitter4j.User,Template2,291, 288, 1, 5, 373, 372, 291, 290,1324,1381,1366,1364,1355,1367,1389,1372,1387,1412,1371.7,22.163257883262563
twitter4j.User,Template3,241, 233, 13, 25, 320, 319, 275, 274,768,810,804,806,813,820,809,803,846,820,809.9,18.360010893242958
twitter4j.User,Template4,367, 362, 7, 15, 375, 374, 383, 382,2295,2316,2301,2313,2307,2312,2318,2376,2315,2312,2316.5,20.953519990684143
twitter4j.User,Template5,260, 258, 2, 4, 262, 261, 262, 261,553,622,556,543,547,564,544,554,571,564,561.8,21.862296311229525
